event_id,product_id,event_type,event_date,notes
1,1,rental_start,2024-01-30,rental_id=1
2,1,rental_start,2024-03-05,rental_id=2
3,1,rental_start,2024-05-09,rental_id=3
4,1,rental_start,2024-06-29,rental_id=4
5,1,rental_start,2024-08-08,rental_id=5
6,1,rental_start,2024-09-08,rental_id=6
7,3,rental_start,2022-09-01,rental_id=7
8,3,rental_start,2022-12-02,rental_id=8
9,4,rental_start,2023-03-13,rental_id=9
10,4,rental_start,2023-06-05,rental_id=10
11,4,rental_start,2023-06-29,rental_id=11
12,4,rental_start,2023-10-01,rental_id=12
13,5,rental_start,2024-10-23,rental_id=13
14,5,rental_start,2024-12-13,rental_id=14
15,6,rental_start,2024-06-09,rental_id=15
16,6,rental_start,2024-07-21,rental_id=16
17,6,rental_start,2024-10-19,rental_id=17
18,6,rental_start,2024-12-03,rental_id=18
19,8,rental_start,2023-12-27,rental_id=19
20,8,rental_start,2024-01-30,rental_id=20
21,8,rental_start,2024-05-13,rental_id=21
22,10,rental_start,2023-01-28,rental_id=22
23,10,rental_start,2023-03-22,rental_id=23
24,10,rental_start,2023-05-10,rental_id=24
25,10,rental_start,2023-06-29,rental_id=25
26,10,rental_start,2023-08-18,rental_id=26
27,12,rental_start,2024-01-17,rental_id=27
28,12,rental_start,2024-02-15,rental_id=28
29,12,rental_start,2024-04-20,rental_id=29
30,12,rental_start,2024-05-24,rental_id=30
31,12,rental_start,2024-07-29,rental_id=31
32,13,rental_start,2023-04-25,rental_id=32
33,13,rental_start,2023-07-31,rental_id=33
34,13,rental_start,2023-09-06,rental_id=34
35,13,rental_start,2023-10-12,rental_id=35
36,14,rental_start,2024-09-06,rental_id=36
37,14,rental_start,2024-10-23,rental_id=37
38,16,rental_start,2024-04-19,rental_id=38
39,16,rental_start,2024-06-10,rental_id=39
40,16,rental_start,2024-08-20,rental_id=40
41,16,rental_start,2024-09-28,rental_id=41
42,17,rental_start,2024-07-06,rental_id=42
43,17,rental_start,2024-10-08,rental_id=43
44,19,rental_start,2023-04-20,rental_id=44
45,19,rental_start,2023-07-18,rental_id=45
46,19,rental_start,2023-10-21,rental_id=46
47,19,rental_start,2023-11-16,rental_id=47
48,19,rental_start,2023-12-22,rental_id=48
49,20,rental_start,2024-04-05,rental_id=49
50,20,rental_start,2024-05-11,rental_id=50
51,20,rental_start,2024-06-11,rental_id=51
52,22,rental_start,2024-02-23,rental_id=52
53,22,rental_start,2024-04-14,rental_id=53
54,22,rental_start,2024-05-18,rental_id=54
55,22,rental_start,2024-08-21,rental_id=55
56,22,rental_start,2024-10-18,rental_id=56
57,23,rental_start,2022-02-06,rental_id=57
58,23,rental_start,2022-03-26,rental_id=58
59,23,rental_start,2022-05-14,rental_id=59
60,23,rental_start,2022-07-01,rental_id=60
61,24,rental_start,2022-07-25,rental_id=61
62,24,rental_start,2022-09-10,rental_id=62
63,24,rental_start,2022-10-30,rental_id=63
64,24,rental_start,2022-12-22,rental_id=64
65,26,rental_start,2024-03-31,rental_id=65
66,26,rental_start,2024-05-17,rental_id=66
67,26,rental_start,2024-06-24,rental_id=67
68,26,rental_start,2024-07-22,rental_id=68
69,26,rental_start,2024-08-17,rental_id=69
70,27,rental_start,2024-10-23,rental_id=70
71,31,rental_start,2024-04-05,rental_id=71
72,31,rental_start,2024-05-29,rental_id=72
73,31,rental_start,2024-07-06,rental_id=73
74,31,rental_start,2024-08-11,rental_id=74
75,32,rental_start,2022-11-06,rental_id=75
76,32,rental_start,2023-02-11,rental_id=76
77,32,rental_start,2023-04-05,rental_id=77
78,32,rental_start,2023-05-01,rental_id=78
79,32,rental_start,2023-06-01,rental_id=79
80,32,rental_start,2023-08-07,rental_id=80
81,35,rental_start,2024-05-01,rental_id=81
82,35,rental_start,2024-06-22,rental_id=82
83,35,rental_start,2024-09-27,rental_id=83
84,35,rental_start,2024-12-16,rental_id=84
85,36,rental_start,2024-04-04,rental_id=85
86,36,rental_start,2024-05-06,rental_id=86
87,36,rental_start,2024-06-23,rental_id=87
88,37,rental_start,2024-11-20,rental_id=88
89,40,rental_start,2021-06-22,rental_id=89
90,40,rental_start,2021-08-08,rental_id=90
91,40,rental_start,2021-10-07,rental_id=91
92,40,rental_start,2021-12-13,rental_id=92
93,41,rental_start,2024-02-06,rental_id=93
94,41,rental_start,2024-03-30,rental_id=94
95,41,rental_start,2024-05-14,rental_id=95
96,41,rental_start,2024-07-01,rental_id=96
97,42,rental_start,2022-03-06,rental_id=97
98,42,rental_start,2022-05-11,rental_id=98
99,42,rental_start,2022-06-12,rental_id=99
100,42,rental_start,2022-07-15,rental_id=100
101,44,rental_start,2023-06-19,rental_id=101
102,44,rental_start,2023-08-12,rental_id=102
103,44,rental_start,2023-09-29,rental_id=103
104,45,rental_start,2022-12-21,rental_id=104
105,45,rental_start,2023-02-05,rental_id=105
106,45,rental_start,2023-03-28,rental_id=106
107,45,rental_start,2023-05-26,rental_id=107
108,45,rental_start,2023-07-24,rental_id=108
109,45,rental_start,2023-10-20,rental_id=109
110,46,rental_start,2024-12-27,rental_id=110
111,47,rental_start,2023-01-29,rental_id=111
112,47,rental_start,2023-02-26,rental_id=112
113,47,rental_start,2023-04-05,rental_id=113
114,47,rental_start,2023-07-04,rental_id=114
115,47,rental_start,2023-08-26,rental_id=115
116,47,rental_start,2023-10-10,rental_id=116
117,48,rental_start,2024-04-24,rental_id=117
118,48,rental_start,2024-05-27,rental_id=118
119,48,rental_start,2024-07-13,rental_id=119
120,49,rental_start,2022-05-02,rental_id=120
121,49,rental_start,2022-07-08,rental_id=121
122,49,rental_start,2022-09-14,rental_id=122
123,49,rental_start,2022-11-12,rental_id=123
124,49,rental_start,2022-12-21,rental_id=124
125,51,rental_start,2021-06-04,rental_id=125
126,51,rental_start,2021-07-12,rental_id=126
127,51,rental_start,2021-08-11,rental_id=127
128,51,rental_start,2021-10-21,rental_id=128
129,51,rental_start,2021-12-09,rental_id=129
130,52,rental_start,2024-09-30,rental_id=130
131,52,rental_start,2024-11-24,rental_id=131
132,53,rental_start,2024-05-22,rental_id=132
133,53,rental_start,2024-06-25,rental_id=133
134,53,rental_start,2024-08-03,rental_id=134
135,53,rental_start,2024-09-29,rental_id=135
136,53,rental_start,2024-12-29,rental_id=136
137,54,rental_start,2023-05-28,rental_id=137
138,54,rental_start,2023-09-06,rental_id=138
139,54,rental_start,2023-10-07,rental_id=139
140,54,rental_start,2023-12-07,rental_id=140
141,55,rental_start,2023-04-25,rental_id=141
142,55,rental_start,2023-07-28,rental_id=142
143,55,rental_start,2023-09-11,rental_id=143
144,55,rental_start,2023-10-30,rental_id=144
145,55,rental_start,2023-12-04,rental_id=145
146,56,rental_start,2024-02-28,rental_id=146
147,56,rental_start,2024-05-31,rental_id=147
148,56,rental_start,2024-07-23,rental_id=148
149,56,rental_start,2024-10-21,rental_id=149
150,57,rental_start,2024-12-05,rental_id=150
151,58,rental_start,2024-08-04,rental_id=151
152,58,rental_start,2024-09-22,rental_id=152
153,58,rental_start,2024-11-03,rental_id=153
154,58,rental_start,2024-12-25,rental_id=154
155,59,rental_start,2024-11-09,rental_id=155
156,59,rental_start,2024-12-24,rental_id=156
157,60,rental_start,2024-08-23,rental_id=157
158,60,rental_start,2024-10-09,rental_id=158
159,60,rental_start,2024-11-30,rental_id=159
160,61,rental_start,2023-07-02,rental_id=160
161,61,rental_start,2023-10-01,rental_id=161
162,61,rental_start,2023-12-29,rental_id=162
163,63,rental_start,2024-12-05,rental_id=163
164,64,rental_start,2024-06-13,rental_id=164
165,64,rental_start,2024-07-20,rental_id=165
166,64,rental_start,2024-09-01,rental_id=166
167,65,rental_start,2024-07-18,rental_id=167
168,65,rental_start,2024-09-01,rental_id=168
169,65,rental_start,2024-10-02,rental_id=169
170,65,rental_start,2024-11-17,rental_id=170
171,70,rental_start,2024-07-19,rental_id=171
172,70,rental_start,2024-10-24,rental_id=172
173,70,rental_start,2024-11-30,rental_id=173
174,72,rental_start,2023-10-04,rental_id=174
175,72,rental_start,2023-12-09,rental_id=175
176,72,rental_start,2024-01-28,rental_id=176
177,72,rental_start,2024-03-27,rental_id=177
178,72,rental_start,2024-06-27,rental_id=178
179,73,rental_start,2024-10-23,rental_id=179
180,73,rental_start,2024-12-22,rental_id=180
181,74,rental_start,2024-04-05,rental_id=181
182,74,rental_start,2024-05-07,rental_id=182
183,74,rental_start,2024-06-04,rental_id=183
184,75,rental_start,2024-07-06,rental_id=184
185,75,rental_start,2024-09-16,rental_id=185
186,75,rental_start,2024-11-02,rental_id=186
187,76,rental_start,2024-02-09,rental_id=187
188,76,rental_start,2024-05-15,rental_id=188
189,76,rental_start,2024-06-16,rental_id=189
190,78,rental_start,2024-07-29,rental_id=190
191,78,rental_start,2024-11-08,rental_id=191
192,79,rental_start,2024-03-06,rental_id=192
193,79,rental_start,2024-05-08,rental_id=193
194,79,rental_start,2024-06-25,rental_id=194
195,79,rental_start,2024-07-29,rental_id=195
196,80,rental_start,2024-03-14,rental_id=196
197,80,rental_start,2024-06-17,rental_id=197
198,80,rental_start,2024-08-21,rental_id=198
199,80,rental_start,2024-11-02,rental_id=199
200,81,rental_start,2024-02-06,rental_id=200
201,81,rental_start,2024-04-14,rental_id=201
202,81,rental_start,2024-07-17,rental_id=202
203,81,rental_start,2024-09-04,rental_id=203
204,81,rental_start,2024-11-08,rental_id=204
205,84,rental_start,2022-04-13,rental_id=205
206,85,rental_start,2023-02-28,rental_id=206
207,85,rental_start,2023-04-15,rental_id=207
208,85,rental_start,2023-05-21,rental_id=208
209,85,rental_start,2023-07-12,rental_id=209
210,86,rental_start,2022-09-06,rental_id=210
211,86,rental_start,2022-11-11,rental_id=211
212,86,rental_start,2023-02-12,rental_id=212
213,86,rental_start,2023-05-11,rental_id=213
214,88,rental_start,2023-12-14,rental_id=214
215,88,rental_start,2024-03-22,rental_id=215
216,88,rental_start,2024-05-24,rental_id=216
217,88,rental_start,2024-06-27,rental_id=217
218,89,rental_start,2024-02-04,rental_id=218
219,89,rental_start,2024-03-25,rental_id=219
220,89,rental_start,2024-04-29,rental_id=220
221,89,rental_start,2024-06-18,rental_id=221
222,90,rental_start,2023-04-14,rental_id=222
223,90,rental_start,2023-06-05,rental_id=223
224,90,rental_start,2023-08-09,rental_id=224
225,91,rental_start,2024-09-28,rental_id=225
226,91,rental_start,2024-11-19,rental_id=226
227,94,rental_start,2023-07-24,rental_id=227
228,94,rental_start,2023-09-28,rental_id=228
229,94,rental_start,2023-11-14,rental_id=229
230,95,rental_start,2024-05-09,rental_id=230
231,95,rental_start,2024-08-07,rental_id=231
232,95,rental_start,2024-10-07,rental_id=232
233,95,rental_start,2024-11-21,rental_id=233
234,97,rental_start,2023-07-28,rental_id=234
235,97,rental_start,2023-10-27,rental_id=235
236,97,rental_start,2023-12-23,rental_id=236
237,97,rental_start,2024-01-30,rental_id=237
238,97,rental_start,2024-05-04,rental_id=238
239,98,rental_start,2023-12-31,rental_id=239
240,98,rental_start,2024-02-06,rental_id=240
241,98,rental_start,2024-04-08,rental_id=241
242,98,rental_start,2024-06-11,rental_id=242
243,99,rental_start,2023-03-05,rental_id=243
244,100,rental_start,2024-08-29,rental_id=244
245,100,rental_start,2024-10-18,rental_id=245
246,100,rental_start,2024-11-22,rental_id=246
247,101,rental_start,2024-05-30,rental_id=247
248,101,rental_start,2024-07-02,rental_id=248
249,101,rental_start,2024-07-26,rental_id=249
250,101,rental_start,2024-08-31,rental_id=250
251,101,rental_start,2024-10-30,rental_id=251
252,102,rental_start,2024-06-29,rental_id=252
253,102,rental_start,2024-08-01,rental_id=253
254,102,rental_start,2024-10-03,rental_id=254
255,103,rental_start,2021-02-08,rental_id=255
256,103,rental_start,2021-05-12,rental_id=256
257,103,rental_start,2021-06-18,rental_id=257
258,103,rental_start,2021-08-12,rental_id=258
259,103,rental_start,2021-09-26,rental_id=259
260,104,rental_start,2021-07-03,rental_id=260
261,104,rental_start,2021-09-04,rental_id=261
262,104,rental_start,2021-11-30,rental_id=262
263,104,rental_start,2022-01-02,rental_id=263
264,105,rental_start,2022-02-27,rental_id=264
265,105,rental_start,2022-05-08,rental_id=265
266,105,rental_start,2022-06-22,rental_id=266
267,105,rental_start,2022-07-30,rental_id=267
268,105,rental_start,2022-09-29,rental_id=268
269,106,rental_start,2024-08-29,rental_id=269
270,106,rental_start,2024-11-26,rental_id=270
271,107,rental_start,2024-04-22,rental_id=271
272,107,rental_start,2024-06-22,rental_id=272
273,107,rental_start,2024-09-21,rental_id=273
274,107,rental_start,2024-11-25,rental_id=274
275,109,rental_start,2023-03-25,rental_id=275
276,109,rental_start,2023-05-17,rental_id=276
277,109,rental_start,2023-07-24,rental_id=277
278,109,rental_start,2023-08-27,rental_id=278
279,109,rental_start,2023-10-20,rental_id=279
280,111,rental_start,2023-10-04,rental_id=280
281,111,rental_start,2023-12-13,rental_id=281
282,113,rental_start,2023-03-11,rental_id=282
283,113,rental_start,2023-05-15,rental_id=283
284,113,rental_start,2023-07-17,rental_id=284
285,113,rental_start,2023-08-24,rental_id=285
286,113,rental_start,2023-10-24,rental_id=286
287,113,rental_start,2023-12-27,rental_id=287
288,115,rental_start,2024-10-03,rental_id=288
289,115,rental_start,2024-11-06,rental_id=289
290,115,rental_start,2024-12-08,rental_id=290
291,118,rental_start,2022-11-25,rental_id=291
292,118,rental_start,2023-01-29,rental_id=292
293,118,rental_start,2023-03-18,rental_id=293
294,121,rental_start,2024-12-11,rental_id=294
295,122,rental_start,2023-01-19,rental_id=295
296,122,rental_start,2023-04-16,rental_id=296
297,122,rental_start,2023-07-17,rental_id=297
298,122,rental_start,2023-09-03,rental_id=298
299,122,rental_start,2023-10-20,rental_id=299
300,124,rental_start,2021-08-16,rental_id=300
301,124,rental_start,2021-09-25,rental_id=301
302,124,rental_start,2021-11-10,rental_id=302
303,125,rental_start,2024-08-31,rental_id=303
304,125,rental_start,2024-11-30,rental_id=304
305,126,rental_start,2024-10-03,rental_id=305
306,127,rental_start,2024-02-04,rental_id=306
307,127,rental_start,2024-04-10,rental_id=307
308,127,rental_start,2024-05-15,rental_id=308
309,128,rental_start,2022-02-22,rental_id=309
310,128,rental_start,2022-05-28,rental_id=310
311,128,rental_start,2022-07-14,rental_id=311
312,129,rental_start,2023-02-20,rental_id=312
313,129,rental_start,2023-03-27,rental_id=313
314,129,rental_start,2023-05-25,rental_id=314
315,129,rental_start,2023-07-23,rental_id=315
316,129,rental_start,2023-09-30,rental_id=316
317,131,rental_start,2024-01-21,rental_id=317
318,131,rental_start,2024-03-23,rental_id=318
319,131,rental_start,2024-06-15,rental_id=319
320,131,rental_start,2024-08-03,rental_id=320
321,132,rental_start,2024-10-18,rental_id=321
322,132,rental_start,2024-12-12,rental_id=322
323,133,rental_start,2024-08-03,rental_id=323
324,133,rental_start,2024-09-25,rental_id=324
325,133,rental_start,2024-11-15,rental_id=325
326,135,rental_start,2022-06-06,rental_id=326
327,135,rental_start,2022-07-03,rental_id=327
328,135,rental_start,2022-08-19,rental_id=328
329,135,rental_start,2022-09-19,rental_id=329
330,136,rental_start,2024-11-10,rental_id=330
331,136,rental_start,2024-12-06,rental_id=331
332,137,rental_start,2024-06-22,rental_id=332
333,137,rental_start,2024-07-29,rental_id=333
334,137,rental_start,2024-08-24,rental_id=334
335,137,rental_start,2024-10-22,rental_id=335
336,138,rental_start,2023-06-03,rental_id=336
337,138,rental_start,2023-07-11,rental_id=337
338,138,rental_start,2023-08-31,rental_id=338
339,138,rental_start,2023-11-04,rental_id=339
340,139,rental_start,2023-02-09,rental_id=340
341,139,rental_start,2023-05-07,rental_id=341
342,139,rental_start,2023-06-15,rental_id=342
343,140,rental_start,2023-03-14,rental_id=343
344,140,rental_start,2023-05-13,rental_id=344
345,140,rental_start,2023-07-17,rental_id=345
346,140,rental_start,2023-08-24,rental_id=346
347,143,rental_start,2024-12-23,rental_id=347
348,144,rental_start,2023-09-27,rental_id=348
349,144,rental_start,2023-11-30,rental_id=349
350,144,rental_start,2024-01-29,rental_id=350
351,144,rental_start,2024-05-06,rental_id=351
352,144,rental_start,2024-08-04,rental_id=352
353,147,rental_start,2024-05-13,rental_id=353
354,147,rental_start,2024-08-21,rental_id=354
355,147,rental_start,2024-09-28,rental_id=355
356,147,rental_start,2024-12-03,rental_id=356
357,149,rental_start,2024-09-05,rental_id=357
358,149,rental_start,2024-10-26,rental_id=358
359,149,rental_start,2024-12-02,rental_id=359
360,150,rental_start,2023-09-10,rental_id=360
361,150,rental_start,2023-10-27,rental_id=361
362,150,rental_start,2023-12-17,rental_id=362
363,150,rental_start,2024-02-07,rental_id=363
364,152,rental_start,2021-03-31,rental_id=364
365,152,rental_start,2021-05-01,rental_id=365
366,152,rental_start,2021-06-01,rental_id=366
367,152,rental_start,2021-07-03,rental_id=367
368,152,rental_start,2021-09-03,rental_id=368
369,155,rental_start,2023-04-18,rental_id=369
370,155,rental_start,2023-07-24,rental_id=370
371,155,rental_start,2023-08-30,rental_id=371
372,155,rental_start,2023-10-03,rental_id=372
373,155,rental_start,2023-11-25,rental_id=373
374,155,rental_start,2024-01-17,rental_id=374
375,156,rental_start,2023-01-17,rental_id=375
376,156,rental_start,2023-03-10,rental_id=376
377,156,rental_start,2023-04-25,rental_id=377
378,156,rental_start,2023-05-31,rental_id=378
379,157,rental_start,2024-11-30,rental_id=379
380,159,rental_start,2022-09-04,rental_id=380
381,159,rental_start,2022-10-07,rental_id=381
382,159,rental_start,2022-11-15,rental_id=382
383,159,rental_start,2022-12-24,rental_id=383
384,160,rental_start,2024-06-05,rental_id=384
385,160,rental_start,2024-07-27,rental_id=385
386,160,rental_start,2024-09-29,rental_id=386
387,161,rental_start,2024-04-27,rental_id=387
388,161,rental_start,2024-06-13,rental_id=388
389,161,rental_start,2024-07-17,rental_id=389
390,162,rental_start,2023-08-16,rental_id=390
391,162,rental_start,2023-10-02,rental_id=391
392,162,rental_start,2023-11-06,rental_id=392
393,163,rental_start,2024-09-29,rental_id=393
394,163,rental_start,2024-11-09,rental_id=394
395,163,rental_start,2024-12-28,rental_id=395
396,164,rental_start,2022-06-20,rental_id=396
397,164,rental_start,2022-08-06,rental_id=397
398,164,rental_start,2022-10-04,rental_id=398
399,164,rental_start,2022-11-24,rental_id=399
400,164,rental_start,2023-01-24,rental_id=400
401,165,rental_start,2024-01-25,rental_id=401
402,165,rental_start,2024-02-25,rental_id=402
403,165,rental_start,2024-04-04,rental_id=403
404,165,rental_start,2024-07-20,rental_id=404
405,171,rental_start,2024-03-06,rental_id=405
406,171,rental_start,2024-05-07,rental_id=406
407,171,rental_start,2024-06-05,rental_id=407
408,171,rental_start,2024-07-20,rental_id=408
409,173,rental_start,2024-08-03,rental_id=409
410,173,rental_start,2024-09-30,rental_id=410
411,173,rental_start,2024-12-17,rental_id=411
412,175,rental_start,2023-08-26,rental_id=412
413,175,rental_start,2023-10-17,rental_id=413
414,175,rental_start,2024-01-13,rental_id=414
415,175,rental_start,2024-02-12,rental_id=415
416,175,rental_start,2024-05-11,rental_id=416
417,177,rental_start,2024-04-09,rental_id=417
418,177,rental_start,2024-05-29,rental_id=418
419,177,rental_start,2024-07-08,rental_id=419
420,177,rental_start,2024-09-09,rental_id=420
421,178,rental_start,2023-05-09,rental_id=421
422,178,rental_start,2023-06-13,rental_id=422
423,178,rental_start,2023-08-03,rental_id=423
424,180,rental_start,2024-09-03,rental_id=424
425,180,rental_start,2024-12-04,rental_id=425
426,183,rental_start,2022-09-22,rental_id=426
427,183,rental_start,2022-10-29,rental_id=427
428,183,rental_start,2022-12-22,rental_id=428
429,183,rental_start,2023-01-29,rental_id=429
430,184,rental_start,2023-03-03,rental_id=430
431,184,rental_start,2023-04-24,rental_id=431
432,184,rental_start,2023-06-29,rental_id=432
433,184,rental_start,2023-07-29,rental_id=433
434,186,rental_start,2024-06-13,rental_id=434
435,186,rental_start,2024-07-12,rental_id=435
436,186,rental_start,2024-08-18,rental_id=436
437,191,rental_start,2024-11-24,rental_id=437
438,192,rental_start,2024-09-16,rental_id=438
439,192,rental_start,2024-10-31,rental_id=439
440,192,rental_start,2024-12-15,rental_id=440
441,193,rental_start,2021-10-14,rental_id=441
442,193,rental_start,2022-01-20,rental_id=442
443,193,rental_start,2022-03-10,rental_id=443
444,193,rental_start,2022-04-13,rental_id=444
445,193,rental_start,2022-05-19,rental_id=445
446,194,rental_start,2024-10-20,rental_id=446
447,195,rental_start,2023-03-10,rental_id=447
448,195,rental_start,2023-05-15,rental_id=448
449,195,rental_start,2023-06-29,rental_id=449
450,195,rental_start,2023-08-13,rental_id=450
451,195,rental_start,2023-10-13,rental_id=451
452,196,rental_start,2024-09-19,rental_id=452
453,196,rental_start,2024-10-25,rental_id=453
454,196,rental_start,2024-11-28,rental_id=454
455,199,rental_start,2024-11-15,rental_id=455
456,203,rental_start,2022-04-19,rental_id=456
457,203,rental_start,2022-07-17,rental_id=457
458,203,rental_start,2022-08-17,rental_id=458
459,203,rental_start,2022-10-23,rental_id=459
460,203,rental_start,2022-12-14,rental_id=460
461,204,rental_start,2022-07-27,rental_id=461
462,204,rental_start,2022-08-27,rental_id=462
463,204,rental_start,2022-10-01,rental_id=463
464,205,rental_start,2024-11-30,rental_id=464
465,206,rental_start,2023-09-13,rental_id=465
466,206,rental_start,2023-12-01,rental_id=466
467,207,rental_start,2023-03-15,rental_id=467
468,207,rental_start,2023-04-19,rental_id=468
469,207,rental_start,2023-05-14,rental_id=469
470,207,rental_start,2023-06-14,rental_id=470
471,208,rental_start,2022-09-26,rental_id=471
472,208,rental_start,2022-11-18,rental_id=472
473,208,rental_start,2022-12-27,rental_id=473
474,208,rental_start,2023-01-30,rental_id=474
475,209,rental_start,2023-03-13,rental_id=475
476,209,rental_start,2023-04-16,rental_id=476
477,211,rental_start,2023-09-09,rental_id=477
478,211,rental_start,2023-10-27,rental_id=478
479,211,rental_start,2024-01-04,rental_id=479
480,211,rental_start,2024-03-03,rental_id=480
481,212,rental_start,2024-04-14,rental_id=481
482,212,rental_start,2024-06-13,rental_id=482
483,212,rental_start,2024-07-20,rental_id=483
484,212,rental_start,2024-08-30,rental_id=484
485,213,rental_start,2024-03-12,rental_id=485
486,213,rental_start,2024-05-16,rental_id=486
487,213,rental_start,2024-06-17,rental_id=487
488,214,rental_start,2024-08-15,rental_id=488
489,214,rental_start,2024-10-17,rental_id=489
490,214,rental_start,2024-11-23,rental_id=490
491,214,rental_start,2024-12-26,rental_id=491
492,215,rental_start,2024-01-26,rental_id=492
493,215,rental_start,2024-02-29,rental_id=493
494,215,rental_start,2024-06-14,rental_id=494
495,218,rental_start,2024-05-16,rental_id=495
496,218,rental_start,2024-06-02,rental_id=496
497,219,rental_start,2023-04-09,rental_id=497
498,219,rental_start,2023-05-03,rental_id=498
499,222,rental_start,2022-05-09,rental_id=499
500,222,rental_start,2022-05-30,rental_id=500
501,222,rental_start,2022-06-27,rental_id=501
502,224,rental_start,2024-06-05,rental_id=502
503,224,rental_start,2024-07-09,rental_id=503
504,224,rental_start,2024-07-27,rental_id=504
505,225,rental_start,2021-06-22,rental_id=505
506,225,rental_start,2021-07-10,rental_id=506
507,226,rental_start,2024-09-09,rental_id=507
508,226,rental_start,2024-10-06,rental_id=508
509,227,rental_start,2023-01-16,rental_id=509
510,227,rental_start,2023-02-10,rental_id=510
511,229,rental_start,2022-08-22,rental_id=511
512,229,rental_start,2022-09-04,rental_id=512
513,229,rental_start,2022-09-23,rental_id=513
514,229,rental_start,2022-10-08,rental_id=514
515,230,rental_start,2023-01-07,rental_id=515
516,230,rental_start,2023-02-06,rental_id=516
517,230,rental_start,2023-03-12,rental_id=517
518,232,rental_start,2024-08-29,rental_id=518
519,232,rental_start,2024-09-18,rental_id=519
520,232,rental_start,2024-10-18,rental_id=520
521,233,rental_start,2023-06-01,rental_id=521
522,233,rental_start,2023-06-11,rental_id=522
523,234,rental_start,2024-04-29,rental_id=523
524,234,rental_start,2024-05-25,rental_id=524
525,235,rental_start,2023-07-05,rental_id=525
526,235,rental_start,2023-08-10,rental_id=526
527,236,rental_start,2024-08-02,rental_id=527
528,236,rental_start,2024-08-31,rental_id=528
529,237,rental_start,2024-10-16,rental_id=529
530,237,rental_start,2024-11-10,rental_id=530
531,237,rental_start,2024-11-22,rental_id=531
532,238,rental_start,2024-02-02,rental_id=532
533,238,rental_start,2024-03-03,rental_id=533
534,238,rental_start,2024-04-01,rental_id=534
535,239,rental_start,2024-05-24,rental_id=535
536,239,rental_start,2024-06-11,rental_id=536
537,240,rental_start,2024-11-23,rental_id=537
538,240,rental_start,2024-12-25,rental_id=538
539,241,rental_start,2024-10-16,rental_id=539
540,241,rental_start,2024-11-07,rental_id=540
541,242,rental_start,2024-11-28,rental_id=541
542,242,rental_start,2024-12-17,rental_id=542
543,243,rental_start,2024-09-23,rental_id=543
544,243,rental_start,2024-10-03,rental_id=544
545,243,rental_start,2024-10-22,rental_id=545
546,244,rental_start,2022-11-28,rental_id=546
547,244,rental_start,2023-01-04,rental_id=547
548,244,rental_start,2023-01-17,rental_id=548
549,245,rental_start,2023-09-01,rental_id=549
550,245,rental_start,2023-10-05,rental_id=550
551,245,rental_start,2023-10-29,rental_id=551
552,246,rental_start,2024-08-18,rental_id=552
553,246,rental_start,2024-09-07,rental_id=553
554,247,rental_start,2024-01-23,rental_id=554
555,247,rental_start,2024-02-13,rental_id=555
556,247,rental_start,2024-03-08,rental_id=556
557,248,rental_start,2023-07-13,rental_id=557
558,248,rental_start,2023-07-26,rental_id=558
559,248,rental_start,2023-08-06,rental_id=559
560,252,rental_start,2024-08-16,rental_id=560
561,252,rental_start,2024-09-11,rental_id=561
562,252,rental_start,2024-09-27,rental_id=562
563,252,rental_start,2024-10-17,rental_id=563
564,253,rental_start,2023-12-28,rental_id=564
565,253,rental_start,2024-01-18,rental_id=565
566,253,rental_start,2024-02-18,rental_id=566
567,253,rental_start,2024-03-10,rental_id=567
568,254,rental_start,2023-12-13,rental_id=568
569,254,rental_start,2024-01-03,rental_id=569
570,255,rental_start,2024-05-26,rental_id=570
571,255,rental_start,2024-06-10,rental_id=571
572,255,rental_start,2024-06-28,rental_id=572
573,257,rental_start,2021-08-26,rental_id=573
574,257,rental_start,2021-09-21,rental_id=574
575,259,rental_start,2024-10-01,rental_id=575
576,259,rental_start,2024-10-16,rental_id=576
577,259,rental_start,2024-11-10,rental_id=577
578,260,rental_start,2024-09-15,rental_id=578
579,263,rental_start,2022-01-28,rental_id=579
580,263,rental_start,2022-02-18,rental_id=580
581,263,rental_start,2022-03-12,rental_id=581
582,263,rental_start,2022-04-10,rental_id=582
583,264,rental_start,2024-08-08,rental_id=583
584,264,rental_start,2024-08-31,rental_id=584
585,264,rental_start,2024-09-30,rental_id=585
586,265,rental_start,2023-10-10,rental_id=586
587,265,rental_start,2023-11-04,rental_id=587
588,265,rental_start,2023-12-03,rental_id=588
589,265,rental_start,2024-01-03,rental_id=589
590,266,rental_start,2023-04-24,rental_id=590
591,266,rental_start,2023-05-28,rental_id=591
592,266,rental_start,2023-06-29,rental_id=592
593,266,rental_start,2023-07-16,rental_id=593
594,267,rental_start,2023-08-27,rental_id=594
595,267,rental_start,2023-09-26,rental_id=595
596,267,rental_start,2023-11-01,rental_id=596
597,272,rental_start,2024-03-19,rental_id=597
598,272,rental_start,2024-04-08,rental_id=598
599,272,rental_start,2024-04-26,rental_id=599
600,272,rental_start,2024-05-21,rental_id=600
601,274,rental_start,2024-10-14,rental_id=601
602,274,rental_start,2024-11-05,rental_id=602
603,274,rental_start,2024-12-13,rental_id=603
604,275,rental_start,2022-09-21,rental_id=604
605,275,rental_start,2022-10-13,rental_id=605
606,275,rental_start,2022-11-16,rental_id=606
607,279,rental_start,2024-05-17,rental_id=607
608,279,rental_start,2024-05-29,rental_id=608
609,279,rental_start,2024-06-24,rental_id=609
610,279,rental_start,2024-07-16,rental_id=610
611,279,rental_start,2024-08-06,rental_id=611
612,279,rental_start,2024-08-28,rental_id=612
613,280,rental_start,2023-11-25,rental_id=613
614,280,rental_start,2023-12-20,rental_id=614
615,280,rental_start,2024-01-13,rental_id=615
616,280,rental_start,2024-02-07,rental_id=616
617,280,rental_start,2024-03-01,rental_id=617
618,280,rental_start,2024-03-25,rental_id=618
619,282,rental_start,2024-10-30,rental_id=619
620,282,rental_start,2024-11-18,rental_id=620
621,284,rental_start,2023-01-29,rental_id=621
622,284,rental_start,2023-02-26,rental_id=622
623,284,rental_start,2023-03-18,rental_id=623
624,284,rental_start,2023-04-04,rental_id=624
625,284,rental_start,2023-04-28,rental_id=625
626,284,rental_start,2023-05-15,rental_id=626
627,285,rental_start,2024-12-07,rental_id=627
628,292,rental_start,2024-08-03,rental_id=628
629,292,rental_start,2024-09-01,rental_id=629
630,292,rental_start,2024-10-05,rental_id=630
631,292,rental_start,2024-11-06,rental_id=631
632,292,rental_start,2024-11-23,rental_id=632
633,293,rental_start,2023-09-09,rental_id=633
634,293,rental_start,2023-10-11,rental_id=634
635,293,rental_start,2023-10-24,rental_id=635
636,293,rental_start,2023-11-04,rental_id=636
637,295,rental_start,2024-06-29,rental_id=637
638,295,rental_start,2024-07-18,rental_id=638
639,295,rental_start,2024-08-19,rental_id=639
640,296,rental_start,2024-07-04,rental_id=640
641,296,rental_start,2024-07-14,rental_id=641
642,296,rental_start,2024-08-15,rental_id=642
643,296,rental_start,2024-09-03,rental_id=643
644,296,rental_start,2024-10-05,rental_id=644
645,297,rental_start,2022-02-12,rental_id=645
646,297,rental_start,2022-02-24,rental_id=646
647,297,rental_start,2022-03-14,rental_id=647
648,297,rental_start,2022-03-30,rental_id=648
649,299,rental_start,2024-08-17,rental_id=649
650,299,rental_start,2024-08-30,rental_id=650
651,299,rental_start,2024-10-01,rental_id=651
652,299,rental_start,2024-10-18,rental_id=652
653,299,rental_start,2024-11-05,rental_id=653
654,301,rental_start,2024-09-20,rental_id=654
655,301,rental_start,2024-10-21,rental_id=655
656,301,rental_start,2024-11-22,rental_id=656
657,302,rental_start,2023-05-29,rental_id=657
658,302,rental_start,2023-07-20,rental_id=658
659,303,rental_start,2024-07-13,rental_id=659
660,303,rental_start,2024-07-30,rental_id=660
661,303,rental_start,2024-08-11,rental_id=661
662,306,rental_start,2024-12-13,rental_id=662
663,307,rental_start,2022-11-16,rental_id=663
664,307,rental_start,2022-12-06,rental_id=664
665,307,rental_start,2023-01-09,rental_id=665
666,307,rental_start,2023-02-02,rental_id=666
667,308,rental_start,2023-07-15,rental_id=667
668,308,rental_start,2023-08-14,rental_id=668
669,308,rental_start,2023-08-30,rental_id=669
670,308,rental_start,2023-09-30,rental_id=670
671,308,rental_start,2023-10-20,rental_id=671
672,309,rental_start,2024-09-11,rental_id=672
673,309,rental_start,2024-09-23,rental_id=673
674,309,rental_start,2024-10-11,rental_id=674
675,309,rental_start,2024-11-12,rental_id=675
676,309,rental_start,2024-12-27,rental_id=676
677,310,rental_start,2023-03-11,rental_id=677
678,310,rental_start,2023-04-18,rental_id=678
679,310,rental_start,2023-05-12,rental_id=679
680,312,rental_start,2024-09-10,rental_id=680
681,312,rental_start,2024-10-18,rental_id=681
682,312,rental_start,2024-11-13,rental_id=682
683,312,rental_start,2024-12-12,rental_id=683
684,314,rental_start,2023-07-09,rental_id=684
685,314,rental_start,2023-08-07,rental_id=685
686,314,rental_start,2023-08-19,rental_id=686
687,314,rental_start,2023-09-10,rental_id=687
688,316,rental_start,2024-08-27,rental_id=688
689,316,rental_start,2024-09-03,rental_id=689
690,316,rental_start,2024-09-09,rental_id=690
691,316,rental_start,2024-09-14,rental_id=691
692,317,rental_start,2023-08-12,rental_id=692
693,317,rental_start,2023-08-16,rental_id=693
694,317,rental_start,2023-08-23,rental_id=694
695,317,rental_start,2023-08-29,rental_id=695
696,318,rental_start,2024-12-13,rental_id=696
697,320,rental_start,2024-09-17,rental_id=697
698,320,rental_start,2024-09-24,rental_id=698
699,320,rental_start,2024-10-14,rental_id=699
700,321,rental_start,2024-01-11,rental_id=700
701,321,rental_start,2024-01-26,rental_id=701
702,321,rental_start,2024-02-01,rental_id=702
703,322,rental_start,2024-07-04,rental_id=703
704,322,rental_start,2024-07-12,rental_id=704
705,322,rental_start,2024-07-21,rental_id=705
706,322,rental_start,2024-07-29,rental_id=706
707,323,rental_start,2022-05-21,rental_id=707
708,323,rental_start,2022-05-27,rental_id=708
709,323,rental_start,2022-06-02,rental_id=709
710,323,rental_start,2022-06-08,rental_id=710
711,324,rental_start,2024-04-05,rental_id=711
712,324,rental_start,2024-04-13,rental_id=712
713,324,rental_start,2024-04-21,rental_id=713
714,324,rental_start,2024-05-06,rental_id=714
715,327,rental_start,2024-11-22,rental_id=715
716,327,rental_start,2024-11-28,rental_id=716
717,327,rental_start,2024-12-08,rental_id=717
718,328,rental_start,2024-05-14,rental_id=718
719,328,rental_start,2024-05-19,rental_id=719
720,328,rental_start,2024-05-24,rental_id=720
721,328,rental_start,2024-05-29,rental_id=721
722,329,rental_start,2024-04-14,rental_id=722
723,329,rental_start,2024-04-24,rental_id=723
724,329,rental_start,2024-04-30,rental_id=724
725,329,rental_start,2024-05-05,rental_id=725
726,332,rental_start,2024-06-05,rental_id=726
727,332,rental_start,2024-06-11,rental_id=727
728,332,rental_start,2024-06-21,rental_id=728
729,332,rental_start,2024-06-29,rental_id=729
730,333,rental_start,2024-04-04,rental_id=730
731,333,rental_start,2024-04-10,rental_id=731
732,333,rental_start,2024-04-17,rental_id=732
733,333,rental_start,2024-04-23,rental_id=733
734,334,rental_start,2024-09-16,rental_id=734
735,334,rental_start,2024-09-24,rental_id=735
736,334,rental_start,2024-10-01,rental_id=736
737,334,rental_start,2024-10-11,rental_id=737
738,337,rental_start,2023-09-23,rental_id=738
739,337,rental_start,2023-10-03,rental_id=739
740,337,rental_start,2023-10-09,rental_id=740
741,337,rental_start,2023-10-19,rental_id=741
742,338,rental_start,2023-07-19,rental_id=742
743,338,rental_start,2023-07-24,rental_id=743
744,338,rental_start,2023-07-31,rental_id=744
745,338,rental_start,2023-08-07,rental_id=745
746,339,rental_start,2024-01-11,rental_id=746
747,339,rental_start,2024-01-16,rental_id=747
748,339,rental_start,2024-01-22,rental_id=748
749,340,rental_start,2024-07-11,rental_id=749
750,340,rental_start,2024-07-23,rental_id=750
751,340,rental_start,2024-07-28,rental_id=751
752,340,rental_start,2024-08-03,rental_id=752
753,341,rental_start,2024-09-19,rental_id=753
754,341,rental_start,2024-09-25,rental_id=754
755,341,rental_start,2024-10-01,rental_id=755
756,341,rental_start,2024-10-07,rental_id=756
757,342,rental_start,2024-08-23,rental_id=757
758,342,rental_start,2024-08-29,rental_id=758
759,342,rental_start,2024-09-06,rental_id=759
760,342,rental_start,2024-09-11,rental_id=760
761,343,rental_start,2024-09-09,rental_id=761
762,343,rental_start,2024-09-15,rental_id=762
763,343,rental_start,2024-09-21,rental_id=763
764,343,rental_start,2024-09-27,rental_id=764
765,344,rental_start,2024-06-25,rental_id=765
766,344,rental_start,2024-06-30,rental_id=766
767,344,rental_start,2024-07-07,rental_id=767
768,346,rental_start,2024-10-31,rental_id=768
769,346,rental_start,2024-11-06,rental_id=769
770,346,rental_start,2024-11-11,rental_id=770
771,346,rental_start,2024-11-17,rental_id=771
772,347,rental_start,2024-05-03,rental_id=772
773,347,rental_start,2024-05-09,rental_id=773
774,347,rental_start,2024-05-16,rental_id=774
775,347,rental_start,2024-05-22,rental_id=775
776,349,rental_start,2023-01-18,rental_id=776
777,349,rental_start,2023-01-25,rental_id=777
778,352,rental_start,2021-02-03,rental_id=778
779,352,rental_start,2021-02-10,rental_id=779
780,352,rental_start,2021-02-20,rental_id=780
781,353,rental_start,2023-07-11,rental_id=781
782,353,rental_start,2023-07-19,rental_id=782
783,353,rental_start,2023-07-27,rental_id=783
784,353,rental_start,2023-08-05,rental_id=784
785,354,rental_start,2024-12-09,rental_id=785
786,356,rental_start,2024-01-25,rental_id=786
787,356,rental_start,2024-02-20,rental_id=787
788,357,rental_start,2024-03-20,rental_id=788
789,357,rental_start,2024-03-26,rental_id=789
790,357,rental_start,2024-03-31,rental_id=790
791,357,rental_start,2024-04-04,rental_id=791
792,359,rental_start,2024-02-14,rental_id=792
793,359,rental_start,2024-02-19,rental_id=793
794,359,rental_start,2024-02-25,rental_id=794
795,360,rental_start,2023-09-15,rental_id=795
796,360,rental_start,2023-09-20,rental_id=796
797,360,rental_start,2023-09-24,rental_id=797
798,360,rental_start,2023-09-29,rental_id=798
799,363,rental_start,2022-12-15,rental_id=799
800,363,rental_start,2023-01-09,rental_id=800
801,363,rental_start,2023-01-16,rental_id=801
802,364,rental_start,2024-04-24,rental_id=802
803,364,rental_start,2024-04-30,rental_id=803
804,364,rental_start,2024-05-06,rental_id=804
805,364,rental_start,2024-05-16,rental_id=805
806,365,rental_start,2023-10-28,rental_id=806
807,365,rental_start,2023-11-04,rental_id=807
808,365,rental_start,2023-11-09,rental_id=808
809,365,rental_start,2023-11-17,rental_id=809
810,367,rental_start,2024-05-10,rental_id=810
811,368,rental_start,2023-08-05,rental_id=811
812,369,rental_start,2024-11-09,rental_id=812
813,372,rental_start,2024-10-30,rental_id=813
814,373,rental_start,2024-12-30,rental_id=814
815,374,rental_start,2024-05-13,rental_id=815
816,374,rental_start,2024-08-14,rental_id=816
817,375,rental_start,2023-12-22,rental_id=817
818,375,rental_start,2024-03-28,rental_id=818
819,375,rental_start,2024-08-04,rental_id=819
820,376,rental_start,2024-09-19,rental_id=820
821,377,rental_start,2024-07-18,rental_id=821
822,380,rental_start,2021-11-15,rental_id=822
823,380,rental_start,2022-04-19,rental_id=823
824,381,rental_start,2024-12-10,rental_id=824
825,383,rental_start,2024-02-13,rental_id=825
826,383,rental_start,2024-07-20,rental_id=826
827,384,rental_start,2023-10-15,rental_id=827
828,384,rental_start,2024-01-24,rental_id=828
829,386,rental_start,2023-09-20,rental_id=829
830,386,rental_start,2023-11-24,rental_id=830
831,387,rental_start,2024-10-04,rental_id=831
832,389,rental_start,2023-01-15,rental_id=832
833,390,rental_start,2023-10-19,rental_id=833
834,394,rental_start,2024-06-05,rental_id=834
835,394,rental_start,2024-10-10,rental_id=835
836,394,rental_start,2024-12-14,rental_id=836
837,396,rental_start,2022-06-21,rental_id=837
838,397,rental_start,2024-12-06,rental_id=838
839,398,rental_start,2023-10-05,rental_id=839
840,398,rental_start,2024-03-09,rental_id=840
841,399,rental_start,2024-10-10,rental_id=841
842,400,rental_start,2023-07-28,rental_id=842
843,400,rental_start,2023-10-31,rental_id=843
844,400,rental_start,2024-05-07,rental_id=844
845,402,rental_start,2024-11-28,rental_id=845
846,403,rental_start,2024-07-04,rental_id=846
847,403,rental_start,2024-12-03,rental_id=847
848,405,rental_start,2023-05-20,rental_id=848
849,405,rental_start,2023-07-26,rental_id=849
