rental_id,product_id,customer_id,pricing_rule_id,rental_start_date,rental_end_date,expected_return_date,actual_return_date,rental_duration_days,base_rental_revenue,late_fee,insurance_fee,total_rental_revenue,operational_cost,net_rental_revenue,is_no_return,is_damaged_beyond_repair,is_late
1,1,725,11,2024-01-30,2024-02-27,2024-02-27,2024-02-27,28,41.09,0.0,0.9,41.99,5.92,36.07,0,0,0
2,1,1030,14,2024-03-05,2024-04-30,2024-04-30,2024-04-30,56,51.05,0.0,1.53,52.58,7.44,45.14,0,0,0
3,1,1801,13,2024-05-09,2024-06-20,2024-06-20,2024-06-20,42,44.43,0.0,0.71,45.14,4.91,40.23,0,1,0
4,1,235,3,2024-06-29,2024-07-27,2024-07-27,2024-07-28,28,149.84,0.0,2.1,151.94,25.57,126.37,0,0,0
5,1,1833,12,2024-08-08,2024-09-05,2024-09-05,2024-09-05,28,24.28,0.0,0.41,24.69,2.52,22.17,0,0,0
6,1,1489,4,2024-09-08,2024-10-06,2024-10-06,2024-10-06,28,182.25,0.0,2.92,185.17,30.17,155.0,0,0,0
7,3,1616,13,2022-09-01,2022-11-24,2022-11-24,2022-11-24,84,15.86,0.0,0.25,16.11,2.07,14.04,0,0,0
8,3,1187,4,2022-12-02,2022-12-30,2022-12-30,2022-12-30,28,178.32,0.0,2.85,181.17,24.21,156.96,0,0,0
9,4,1451,6,2023-03-13,2023-05-08,2023-05-08,2023-05-08,56,371.84,0.0,4.09,375.93,55.31,320.62,0,0,0
10,4,716,3,2023-06-05,2023-06-26,2023-06-26,2023-06-25,21,117.62,0.0,1.65,119.27,14.93,104.34,0,0,0
11,4,886,13,2023-06-29,2023-09-21,2023-09-21,2023-09-21,84,35.23,0.0,0.56,35.79,5.91,29.88,0,0,0
12,4,1465,5,2023-10-01,2023-11-26,2023-11-26,2023-11-26,56,333.2,0.0,6.33,339.53,38.08,301.45,0,0,0
13,5,840,5,2024-10-23,2024-12-04,2024-12-04,2024-12-04,42,249.9,0.0,4.75,254.65,29.36,225.29,0,0,0
14,5,424,3,2024-12-13,2025-01-10,2025-01-10,2025-01-10,28,149.44,0.0,2.09,151.53,26.04,125.49,0,0,0
15,6,969,4,2024-06-09,2024-06-30,2024-06-30,,21,131.29,0.0,2.1,133.39,20.07,113.32,1,1,0
16,6,200,13,2024-07-21,2024-10-13,2024-10-13,2024-10-13,84,62.09,0.0,0.99,63.08,7.5,55.58,0,0,0
17,6,1080,5,2024-10-19,2024-11-30,2024-11-30,2024-11-30,42,249.9,0.0,4.75,254.65,31.13,223.52,0,0,0
18,6,1350,3,2024-12-03,2024-12-31,2024-12-31,2024-12-31,28,154.52,0.0,2.16,156.68,24.36,132.32,0,0,0
19,8,1974,12,2023-12-27,2024-01-24,2024-01-24,2024-01-23,28,9.78,0.0,0.17,9.95,1.49,8.46,0,0,0
20,8,1454,5,2024-01-30,2024-04-29,2024-04-29,2024-04-29,90,535.5,0.0,10.17,545.67,73.97,471.7,0,0,0
21,8,63,14,2024-05-13,2024-06-24,2024-06-24,2024-06-24,42,15.39,0.0,0.46,15.85,2.74,13.11,0,0,0
22,10,841,13,2023-01-28,2023-03-11,2023-03-11,2023-03-11,42,37.11,0.0,0.59,37.7,5.31,32.39,0,0,0
23,10,24,14,2023-03-22,2023-05-03,2023-05-03,2023-05-02,42,33.08,0.0,0.99,34.07,5.52,28.55,0,0,0
24,10,1111,13,2023-05-10,2023-06-21,2023-06-21,2023-06-21,42,39.75,0.0,0.64,40.39,3.99,36.4,0,0,0
25,10,755,13,2023-06-29,2023-08-10,2023-08-10,2023-08-10,42,40.82,0.0,0.65,41.47,6.68,34.79,0,0,0
26,10,1040,5,2023-08-18,2023-09-29,2023-09-29,2023-09-29,42,249.9,0.0,4.75,254.65,37.35,217.3,0,0,0
27,12,410,3,2024-01-17,2024-02-07,2024-02-08,2024-02-08,21,107.52,6.99,1.51,116.02,11.0,105.02,0,0,1
28,12,1210,6,2024-02-15,2024-04-11,2024-04-11,2024-04-11,56,371.84,0.0,4.09,375.93,47.46,328.47,0,0,0
29,12,1450,12,2024-04-20,2024-05-18,2024-05-18,2024-05-18,28,19.97,0.0,0.34,20.31,3.53,16.78,0,0,0
30,12,310,14,2024-05-24,2024-07-19,2024-07-22,2024-07-22,56,44.54,20.43,1.34,66.31,5.73,60.58,0,0,1
31,12,1091,4,2024-07-29,2024-08-26,2024-08-26,2024-08-26,28,170.8,0.0,2.73,173.53,20.4,153.13,0,0,0
32,13,1604,14,2023-04-25,2023-07-18,2023-07-18,2023-07-18,84,51.87,0.0,1.56,53.43,9.1,44.33,0,0,0
33,13,46,12,2023-07-31,2023-08-28,2023-08-28,2023-08-28,28,16.45,0.0,0.28,16.73,2.29,14.44,0,0,0
34,13,1997,11,2023-09-06,2023-10-04,2023-10-04,2023-10-04,28,29.22,0.0,0.64,29.86,3.06,26.8,0,0,0
35,13,1204,11,2023-10-12,2023-11-09,2023-11-09,2023-11-09,28,27.83,0.0,0.61,28.44,4.19,24.25,0,0,0
36,14,1521,6,2024-09-06,2024-10-18,2024-10-18,2024-10-18,42,294.29,0.0,3.24,297.53,40.91,256.62,0,0,0
37,14,1654,14,2024-10-23,2025-01-15,2025-01-15,2025-01-15,84,122.0,0.0,3.66,125.66,14.5,111.16,0,0,0
38,16,1515,13,2024-04-19,2024-05-31,2024-05-31,2024-05-31,42,23.32,0.0,0.37,23.69,2.95,20.74,0,0,0
39,16,1623,14,2024-06-10,2024-07-22,2024-07-22,2024-07-22,42,21.9,0.0,0.66,22.56,2.71,19.85,0,0,0
40,16,307,3,2024-08-20,2024-09-17,2024-09-21,2024-09-21,28,143.36,27.96,2.01,173.33,25.51,147.82,0,0,1
41,16,1535,6,2024-09-28,2024-11-09,2024-11-09,2024-11-09,42,297.53,0.0,3.27,300.8,51.66,249.14,0,0,0
42,17,1701,13,2024-07-06,2024-09-28,2024-09-28,2024-09-28,84,81.24,0.0,1.3,82.54,11.89,70.65,0,0,0
43,17,1234,6,2024-10-08,2025-01-06,2025-01-06,2025-01-06,90,597.6,0.0,6.57,604.17,71.41,532.76,0,0,0
44,19,27,6,2023-04-20,2023-07-13,2023-07-13,2023-07-13,84,557.76,0.0,6.14,563.9,91.48,472.42,0,0,0
45,19,742,6,2023-07-18,2023-10-10,2023-10-10,2023-10-11,84,557.76,0.0,6.14,563.9,97.28,466.62,0,0,0
46,19,353,12,2023-10-21,2023-11-11,2023-11-12,2023-11-12,21,3.99,3.18,0.07,7.24,0.46,6.78,0,0,1
47,19,1462,11,2023-11-16,2023-12-14,2023-12-14,2023-12-14,28,9.31,0.0,0.2,9.51,1.31,8.2,0,0,0
48,19,1716,6,2023-12-22,2024-02-02,2024-02-02,2024-02-02,42,304.77,0.0,3.35,308.12,37.02,271.1,0,0,0
49,20,246,3,2024-04-05,2024-05-03,2024-05-03,2024-05-03,28,143.36,0.0,2.01,145.37,20.48,124.89,0,0,0
50,20,1124,11,2024-05-11,2024-06-01,2024-06-01,2024-06-01,21,20.07,0.0,0.44,20.51,3.36,17.15,0,0,0
51,20,1654,4,2024-06-11,2024-07-09,2024-07-09,2024-07-09,28,177.82,0.0,2.85,180.67,19.43,161.24,0,0,0
52,22,1176,13,2024-02-23,2024-04-05,2024-04-05,2024-04-05,42,37.44,0.0,0.6,38.04,6.08,31.96,0,0,0
53,22,1441,3,2024-04-14,2024-05-12,2024-05-12,2024-05-12,28,143.36,0.0,2.01,145.37,23.15,122.22,0,0,0
54,22,1922,6,2024-05-18,2024-08-10,2024-08-10,2024-08-10,84,576.41,0.0,6.34,582.75,70.18,512.57,0,0,0
55,22,1660,14,2024-08-21,2024-10-16,2024-10-16,2024-10-15,56,44.5,0.0,1.34,45.84,6.64,39.2,0,0,0
56,22,801,13,2024-10-18,2024-12-13,2024-12-13,2024-12-13,56,49.92,0.0,0.8,50.72,8.26,42.46,0,0,0
57,23,1044,14,2022-02-06,2022-03-20,2022-03-20,2022-03-20,42,21.92,0.0,0.66,22.58,3.75,18.83,0,0,0
58,23,233,5,2022-03-26,2022-05-07,2022-05-07,2022-05-08,42,249.9,0.0,4.75,254.65,39.01,215.64,0,0,0
59,23,1272,6,2022-05-14,2022-06-25,2022-06-25,2022-06-25,42,285.25,0.0,3.14,288.39,38.39,250.0,0,0,0
60,23,889,4,2022-07-01,2022-07-29,2022-07-29,2022-07-29,28,170.8,0.0,2.73,173.53,25.75,147.78,0,0,0
61,24,1357,5,2022-07-25,2022-09-05,2022-09-05,2022-09-05,42,249.9,0.0,4.75,254.65,43.27,211.38,0,0,0
62,24,546,5,2022-09-10,2022-10-22,2022-10-22,2022-10-22,42,271.7,0.0,5.16,276.86,46.92,229.94,0,0,0
63,24,1493,14,2022-10-30,2022-12-11,2022-12-11,2022-12-11,42,14.95,0.0,0.45,15.4,2.05,13.35,0,0,0
64,24,79,13,2022-12-22,2023-03-16,2023-03-16,2023-03-15,84,36.05,0.0,0.58,36.63,4.17,32.46,0,0,0
65,26,378,14,2024-03-31,2024-05-12,2024-05-12,2024-05-12,42,13.12,0.0,0.39,13.51,1.32,12.19,0,0,0
66,26,1763,12,2024-05-17,2024-06-14,2024-06-14,2024-06-14,28,8.94,0.0,0.15,9.09,1.43,7.66,0,0,0
67,26,1603,4,2024-06-24,2024-07-15,2024-07-15,2024-07-15,21,140.29,0.0,2.24,142.53,14.26,128.27,0,0,0
68,26,247,3,2024-07-22,2024-08-12,2024-08-12,2024-08-12,21,107.52,0.0,1.51,109.03,12.49,96.54,0,0,0
69,26,1770,6,2024-08-17,2024-10-12,2024-10-12,2024-10-12,56,371.84,0.0,4.09,375.93,45.65,330.28,0,0,0
70,27,1798,5,2024-10-23,2024-12-18,2024-12-18,2024-12-18,56,333.2,0.0,6.33,339.53,51.01,288.52,0,0,0
71,31,1412,5,2024-04-05,2024-05-17,2024-05-17,2024-05-18,42,249.9,0.0,4.75,254.65,25.73,228.92,0,0,0
72,31,1982,11,2024-05-29,2024-06-26,2024-06-26,2024-06-26,28,28.95,0.0,0.64,29.59,4.53,25.06,0,0,0
73,31,1738,12,2024-07-06,2024-08-03,2024-08-03,2024-08-05,28,15.9,0.0,0.27,16.17,1.98,14.19,0,0,0
74,31,1348,6,2024-08-11,2024-10-06,2024-10-06,2024-10-06,56,371.84,0.0,4.09,375.93,39.22,336.71,0,0,0
75,32,1813,14,2022-11-06,2023-02-04,2023-02-04,2023-02-04,90,57.0,0.0,1.71,58.71,5.75,52.96,0,0,0
76,32,1738,5,2023-02-11,2023-03-25,2023-03-25,2023-03-25,42,249.9,0.0,4.75,254.65,44.2,210.45,0,0,0
77,32,1976,3,2023-04-05,2023-04-26,2023-04-26,2023-04-26,21,107.52,0.0,1.51,109.03,10.98,98.05,0,0,0
78,32,62,12,2023-05-01,2023-05-29,2023-05-29,2023-05-29,28,17.65,0.0,0.3,17.95,2.84,15.11,0,0,0
79,32,1645,13,2023-06-01,2023-07-27,2023-07-27,2023-07-27,56,40.27,0.0,0.64,40.91,4.15,36.76,0,0,0
80,32,497,14,2023-08-07,2023-10-02,2023-10-02,2023-10-02,56,33.89,0.0,1.02,34.91,3.61,31.3,0,0,0
81,35,168,13,2024-05-01,2024-06-12,2024-06-12,2024-06-12,42,25.33,0.0,0.41,25.74,2.67,23.07,0,0,0
82,35,1614,13,2024-06-22,2024-09-20,2024-09-20,2024-09-20,90,50.79,0.0,0.81,51.6,5.14,46.46,0,0,0
83,35,1618,6,2024-09-27,2024-11-22,2024-11-25,2024-11-25,56,392.21,15.27,4.31,411.79,66.04,345.75,0,0,1
84,35,1783,13,2024-12-16,2025-02-10,2025-02-10,,56,33.35,0.0,0.53,33.88,5.39,28.49,1,0,0
85,36,1795,12,2024-04-04,2024-05-02,2024-05-02,2024-05-02,28,6.78,0.0,0.12,6.9,0.76,6.14,0,0,0
86,36,141,14,2024-05-06,2024-06-17,2024-06-17,2024-06-17,42,11.58,0.0,0.35,11.93,1.54,10.39,0,0,0
87,36,940,12,2024-06-23,2024-07-21,2024-07-21,2024-07-21,28,7.12,0.0,0.12,7.24,0.82,6.42,0,0,0
88,37,1417,13,2024-11-20,2025-01-01,2025-01-01,2024-12-31,42,11.91,0.0,0.19,12.1,1.94,10.16,0,0,0
89,40,1614,6,2021-06-22,2021-08-03,2021-08-03,2021-08-03,42,284.48,0.0,3.13,287.61,30.7,256.91,0,0,0
90,40,1359,14,2021-08-08,2021-10-03,2021-10-03,2021-10-04,56,13.13,0.0,0.39,13.52,1.85,11.67,0,0,0
91,40,477,14,2021-10-07,2021-11-18,2021-11-18,2021-11-18,42,9.84,0.0,0.3,10.14,0.99,9.15,0,0,0
92,40,595,14,2021-12-13,2022-01-24,2022-01-24,2022-01-24,42,10.23,0.0,0.31,10.54,1.36,9.18,0,0,0
93,41,401,6,2024-02-06,2024-03-19,2024-03-19,2024-03-19,42,278.88,0.0,3.07,281.95,45.57,236.38,0,0,0
94,41,605,5,2024-03-30,2024-05-11,2024-05-11,2024-05-11,42,249.9,0.0,4.75,254.65,28.75,225.9,0,0,0
95,41,31,6,2024-05-14,2024-06-25,2024-06-25,2024-06-25,42,297.71,0.0,3.27,300.98,52.2,248.78,0,0,0
96,41,1308,6,2024-07-01,2024-08-26,2024-08-26,2024-08-26,56,371.84,0.0,4.09,375.93,42.99,332.94,0,0,0
97,42,1687,5,2022-03-06,2022-05-01,2022-05-04,2022-05-04,56,333.2,11.25,6.33,350.78,42.85,307.93,0,0,1
98,42,1670,3,2022-05-11,2022-06-08,2022-06-08,2022-06-08,28,153.7,0.0,2.15,155.85,19.81,136.04,0,0,0
99,42,540,4,2022-06-12,2022-07-10,2022-07-10,2022-07-12,28,184.12,0.0,2.95,187.07,28.53,158.54,0,0,0
100,42,1797,13,2022-07-15,2022-09-09,2022-09-09,2022-09-08,56,34.94,0.0,0.56,35.5,5.28,30.22,0,0,0
101,44,1209,14,2023-06-19,2023-07-31,2023-08-02,2023-08-02,42,20.3,13.62,0.61,34.53,3.31,31.22,0,0,1
102,44,651,5,2023-08-12,2023-09-23,2023-09-23,2023-09-23,42,249.9,0.0,4.75,254.65,41.53,213.12,0,0,0
103,44,1720,5,2023-09-29,2023-11-24,2023-11-24,2023-11-24,56,350.74,0.0,6.66,357.4,43.53,313.87,0,0,0
104,45,1546,5,2022-12-21,2023-02-01,2023-02-01,2023-02-01,42,272.91,0.0,5.19,278.1,32.75,245.35,0,0,0
105,45,1491,13,2023-02-05,2023-03-19,2023-03-19,2023-03-19,42,17.51,0.0,0.28,17.79,2.93,14.86,0,0,0
106,45,199,14,2023-03-28,2023-05-23,2023-05-23,2023-05-23,56,20.81,0.0,0.62,21.43,2.2,19.23,0,0,0
107,45,646,6,2023-05-26,2023-07-21,2023-07-21,2023-07-21,56,404.44,0.0,4.45,408.89,48.29,360.6,0,0,0
108,45,572,6,2023-07-24,2023-10-16,2023-10-16,2023-10-17,84,557.76,0.0,6.14,563.9,68.7,495.2,0,0,0
109,45,575,12,2023-10-20,2023-11-17,2023-11-17,2023-11-16,28,9.9,0.0,0.17,10.07,1.59,8.48,0,0,0
110,46,89,14,2024-12-27,2025-02-21,2025-02-21,2025-02-21,56,34.2,0.0,1.03,35.23,3.43,31.8,0,0,0
111,47,404,3,2023-01-29,2023-02-19,2023-02-19,2023-02-19,21,107.52,0.0,1.51,109.03,13.84,95.19,0,0,0
112,47,1198,4,2023-02-26,2023-03-26,2023-03-26,2023-03-26,28,170.8,0.0,2.73,173.53,17.25,156.28,0,0,0
113,47,416,14,2023-04-05,2023-06-28,2023-06-28,2023-06-28,84,12.63,0.0,0.38,13.01,2.06,10.95,0,0,0
114,47,1574,5,2023-07-04,2023-08-15,2023-08-16,2023-08-16,42,249.9,3.75,4.75,258.4,30.3,228.1,0,0,1
115,47,19,5,2023-08-26,2023-10-07,2023-10-07,2023-10-07,42,249.9,0.0,4.75,254.65,39.42,215.23,0,0,0
116,47,455,6,2023-10-10,2023-11-21,2023-11-21,,42,278.88,0.0,3.07,281.95,33.47,248.48,1,0,0
117,48,1895,4,2024-04-24,2024-05-22,2024-05-22,2024-05-22,28,170.8,0.0,2.73,173.53,30.35,143.18,0,0,0
118,48,652,14,2024-05-27,2024-07-08,2024-07-08,2024-07-07,42,43.52,0.0,1.31,44.83,5.46,39.37,0,0,0
119,48,866,6,2024-07-13,2024-10-05,2024-10-05,2024-10-05,84,557.76,0.0,6.14,563.9,97.69,466.21,0,0,0
120,49,754,14,2022-05-02,2022-06-27,2022-06-27,2022-06-27,56,59.52,0.0,1.79,61.31,8.03,53.28,0,0,0
121,49,1142,14,2022-07-08,2022-09-02,2022-09-05,2022-09-05,56,54.12,20.43,1.62,76.17,6.09,70.08,0,0,1
122,49,1497,6,2022-09-14,2022-11-09,2022-11-09,2022-11-09,56,382.38,0.0,4.21,386.59,42.93,343.66,0,0,0
123,49,629,4,2022-11-12,2022-12-10,2022-12-10,2022-12-10,28,182.97,0.0,2.93,185.9,27.81,158.09,0,0,0
124,49,973,3,2022-12-21,2023-01-11,2023-01-11,2023-01-12,21,111.17,0.0,1.56,112.73,17.84,94.89,0,0,0
125,51,1474,12,2021-06-04,2021-07-02,2021-07-02,2021-07-02,28,10.27,0.0,0.17,10.44,1.29,9.15,0,0,0
126,51,264,3,2021-07-12,2021-08-02,2021-08-02,2021-08-02,21,107.52,0.0,1.51,109.03,11.9,97.13,0,0,0
127,51,55,13,2021-08-11,2021-10-06,2021-10-06,2021-10-06,56,23.42,0.0,0.37,23.79,2.48,21.31,0,0,0
128,51,1553,5,2021-10-21,2021-12-02,2021-12-02,2021-12-02,42,249.9,0.0,4.75,254.65,37.0,217.65,0,0,0
129,51,1689,5,2021-12-09,2022-01-20,2022-01-20,2022-01-22,42,256.77,0.0,4.88,261.65,45.58,216.07,0,0,0
130,52,297,12,2024-09-30,2024-10-28,2024-10-28,2024-10-28,28,22.07,0.0,0.38,22.45,3.78,18.67,0,0,0
131,52,1981,13,2024-11-24,2025-01-05,2025-01-05,2025-01-05,42,39.57,0.0,0.63,40.2,6.98,33.22,0,0,0
132,53,1650,3,2024-05-22,2024-06-19,2024-06-19,2024-06-19,28,147.04,0.0,2.06,149.1,22.25,126.85,0,0,0
133,53,1680,12,2024-06-25,2024-07-23,2024-07-23,2024-07-22,28,17.67,0.0,0.3,17.97,2.91,15.06,0,0,0
134,53,1315,6,2024-08-03,2024-09-14,2024-09-18,2024-09-18,42,278.88,20.36,3.07,302.31,35.17,267.14,0,0,1
135,53,1985,14,2024-09-29,2024-12-22,2024-12-22,2024-12-22,84,58.81,0.0,1.76,60.57,7.17,53.4,0,0,0
136,53,388,6,2024-12-29,2025-02-23,2025-02-23,2025-02-23,56,401.25,0.0,4.41,405.66,54.79,350.87,0,0,0
137,54,1995,6,2023-05-28,2023-08-26,2023-08-26,2023-08-26,90,612.99,0.0,6.74,619.73,100.77,518.96,0,0,0
138,54,1071,3,2023-09-06,2023-10-04,2023-10-04,2023-10-04,28,153.07,0.0,2.14,155.21,24.34,130.87,0,0,0
139,54,1372,13,2023-10-07,2023-12-02,2023-12-02,,56,16.45,0.0,0.26,16.71,2.89,13.82,1,0,0
140,54,1927,5,2023-12-07,2024-02-01,2024-02-01,2024-02-01,56,343.46,0.0,6.53,349.99,35.11,314.88,0,0,0
141,55,1127,6,2023-04-25,2023-07-18,2023-07-18,2023-07-17,84,557.76,0.0,6.14,563.9,59.32,504.58,0,0,0
142,55,1810,3,2023-07-28,2023-08-25,2023-08-25,2023-08-25,28,143.36,0.0,2.01,145.37,22.73,122.64,0,0,0
143,55,1668,5,2023-09-11,2023-10-23,2023-10-23,2023-10-23,42,270.41,0.0,5.14,275.55,48.12,227.43,0,0,0
144,55,1065,3,2023-10-30,2023-11-27,2023-11-27,2023-11-27,28,143.36,0.0,2.01,145.37,22.51,122.86,0,0,0
145,55,252,13,2023-12-04,2024-02-26,2024-02-27,2024-02-27,84,15.24,6.97,0.24,22.45,2.64,19.81,0,0,1
146,56,1939,14,2024-02-28,2024-05-22,2024-05-26,2024-05-26,84,24.44,27.24,0.73,52.41,2.53,49.88,0,0,1
147,56,651,5,2024-05-31,2024-07-12,2024-07-12,2024-07-12,42,273.17,0.0,5.19,278.36,48.44,229.92,0,0,0
148,56,944,13,2024-07-23,2024-10-15,2024-10-15,2024-10-16,84,27.42,0.0,0.44,27.86,2.92,24.94,0,0,0
149,56,1648,14,2024-10-21,2024-12-02,2024-12-02,2024-12-02,42,12.22,0.0,0.37,12.59,1.9,10.69,0,0,0
150,57,1513,3,2024-12-05,2025-01-02,2025-01-02,2025-01-02,28,155.0,0.0,2.17,157.17,24.05,133.12,0,0,0
151,58,1836,14,2024-08-04,2024-09-15,2024-09-15,2024-09-15,42,42.97,0.0,1.29,44.26,5.55,38.71,0,0,0
152,58,217,4,2024-09-22,2024-10-20,2024-10-24,2024-10-24,28,182.37,20.6,2.92,205.89,30.34,175.55,0,0,1
153,58,1350,14,2024-11-03,2024-12-15,2024-12-15,2024-12-15,42,45.46,0.0,1.36,46.82,5.21,41.61,0,0,0
154,58,207,5,2024-12-25,2025-02-05,2025-02-05,2025-02-05,42,273.28,0.0,5.19,278.47,39.99,238.48,0,0,0
155,59,114,5,2024-11-09,2024-12-21,2024-12-21,2024-12-21,42,255.75,0.0,4.86,260.61,37.81,222.8,0,0,0
156,59,1724,6,2024-12-24,2025-02-04,2025-02-04,2025-02-04,42,298.41,0.0,3.28,301.69,53.05,248.64,0,0,0
157,60,622,6,2024-08-23,2024-10-04,2024-10-04,2024-10-04,42,278.88,0.0,3.07,281.95,50.06,231.89,0,0,0
158,60,1508,6,2024-10-09,2024-11-20,2024-11-20,2024-11-20,42,278.88,0.0,3.07,281.95,35.79,246.16,0,0,0
159,60,1273,14,2024-11-30,2025-01-11,2025-01-11,2025-01-11,42,16.23,0.0,0.49,16.72,2.15,14.57,0,0,0
160,61,335,13,2023-07-02,2023-09-24,2023-09-24,2023-09-24,84,85.3,0.0,1.36,86.66,10.02,76.64,0,0,0
161,61,392,5,2023-10-01,2023-12-24,2023-12-24,2023-12-24,84,499.8,0.0,9.5,509.3,77.44,431.86,0,0,0
162,61,1768,11,2023-12-29,2024-01-26,2024-01-26,2024-01-26,28,42.98,0.0,0.95,43.93,4.65,39.28,0,0,0
163,63,1291,5,2024-12-05,2025-01-30,2025-01-30,2025-01-30,56,351.31,0.0,6.67,357.98,40.54,317.44,0,0,0
164,64,362,12,2024-06-13,2024-07-11,2024-07-11,2024-07-11,28,20.13,0.0,0.34,20.47,2.86,17.61,0,0,0
165,64,1454,4,2024-07-20,2024-08-10,2024-08-10,2024-08-10,21,128.1,0.0,2.05,130.15,21.87,108.28,0,0,0
166,64,1162,4,2024-09-01,2024-09-29,2024-09-29,2024-10-01,28,177.82,0.0,2.85,180.67,22.75,157.92,0,0,0
167,65,1191,5,2024-07-18,2024-08-29,2024-08-29,2024-08-29,42,249.9,0.0,4.75,254.65,44.96,209.69,0,0,0
168,65,1058,11,2024-09-01,2024-09-29,2024-09-29,2024-09-29,28,17.49,0.0,0.38,17.87,2.27,15.6,0,0,0
169,65,1316,5,2024-10-02,2024-11-13,2024-11-13,2024-11-13,42,249.9,0.0,4.75,254.65,38.64,216.01,0,0,0
170,65,147,14,2024-11-17,2024-12-29,2024-12-29,2024-12-29,42,17.29,0.0,0.52,17.81,2.97,14.84,0,0,0
171,70,1256,5,2024-07-19,2024-10-17,2024-10-17,2024-10-17,90,535.5,0.0,10.17,545.67,95.16,450.51,0,0,0
172,70,1661,12,2024-10-24,2024-11-21,2024-11-25,2024-11-25,28,11.84,12.72,0.2,24.76,1.62,23.14,0,0,1
173,70,192,13,2024-11-30,2025-01-11,2025-01-11,2025-01-11,42,21.43,0.0,0.34,21.77,2.85,18.92,0,0,0
174,72,1377,14,2023-10-04,2023-11-29,2023-11-29,2023-11-29,56,40.02,0.0,1.2,41.22,5.38,35.84,0,0,0
175,72,1794,14,2023-12-09,2024-01-20,2024-01-20,2024-01-20,42,31.13,0.0,0.93,32.06,3.67,28.39,0,0,0
176,72,901,5,2024-01-28,2024-03-24,2024-03-24,2024-03-24,56,333.2,0.0,6.33,339.53,57.55,281.98,0,0,0
177,72,879,6,2024-03-27,2024-06-19,2024-06-19,2024-06-19,84,557.76,0.0,6.14,563.9,98.73,465.17,0,0,0
178,72,1270,6,2024-06-27,2024-08-08,2024-08-08,2024-08-08,42,297.18,0.0,3.27,300.45,37.64,262.81,0,0,0
179,73,667,6,2024-10-23,2024-12-18,2024-12-18,2024-12-18,56,371.84,0.0,4.09,375.93,48.86,327.07,0,0,0
180,73,691,14,2024-12-22,2025-03-22,2025-03-22,2025-03-22,90,66.66,0.0,2.0,68.66,8.04,60.62,0,0,0
181,74,588,12,2024-04-05,2024-04-26,2024-04-26,2024-04-26,21,8.2,0.0,0.14,8.34,1.0,7.34,0,0,0
182,74,470,12,2024-05-07,2024-05-28,2024-06-01,2024-06-01,21,8.89,12.72,0.15,21.76,1.18,20.58,0,0,1
183,74,10,14,2024-06-04,2024-07-16,2024-07-16,2024-07-16,42,18.45,0.0,0.55,19.0,2.23,16.77,0,0,0
184,75,834,5,2024-07-06,2024-08-31,2024-09-04,2024-09-05,56,333.2,15.0,6.33,354.53,50.72,303.81,0,0,1
185,75,1001,6,2024-09-16,2024-10-28,2024-10-28,,42,292.81,0.0,3.22,296.03,42.22,253.81,1,0,0
186,75,1095,6,2024-11-02,2025-01-31,2025-01-31,2025-01-31,90,626.32,0.0,6.89,633.21,103.78,529.43,0,0,0
187,76,456,5,2024-02-09,2024-05-03,2024-05-04,2024-05-04,84,499.8,3.75,9.5,513.05,60.92,452.13,0,0,1
188,76,1365,4,2024-05-15,2024-06-12,2024-06-12,2024-06-12,28,187.83,0.0,3.01,190.84,23.71,167.13,0,0,0
189,76,320,14,2024-06-16,2024-07-28,2024-07-28,2024-07-28,42,42.75,0.0,1.28,44.03,6.94,37.09,0,0,0
190,78,254,13,2024-07-29,2024-10-21,2024-10-21,2024-10-21,84,19.32,0.0,0.31,19.63,3.42,16.21,0,0,0
191,78,872,5,2024-11-08,2025-01-31,2025-02-02,2025-02-03,84,526.96,7.5,10.01,544.47,80.75,463.72,0,0,1
192,79,978,5,2024-03-06,2024-05-01,2024-05-01,2024-05-01,56,333.2,0.0,6.33,339.53,33.84,305.69,0,0,0
193,79,1903,5,2024-05-08,2024-06-19,2024-06-19,2024-06-19,42,260.94,0.0,4.96,265.9,29.52,236.38,0,0,0
194,79,212,4,2024-06-25,2024-07-23,2024-07-23,2024-07-23,28,176.86,0.0,2.83,179.69,18.9,160.79,0,0,0
195,79,1625,4,2024-07-29,2024-08-26,2024-08-26,2024-08-26,28,170.8,0.0,2.73,173.53,30.22,143.31,0,0,0
196,80,73,5,2024-03-14,2024-06-06,2024-06-06,2024-06-06,84,499.8,0.0,9.5,509.3,66.09,443.21,0,0,0
197,80,511,6,2024-06-17,2024-08-12,2024-08-15,2024-08-15,56,390.21,15.27,4.29,409.77,40.96,368.81,0,0,1
198,80,548,5,2024-08-21,2024-10-16,2024-10-18,2024-10-18,56,333.2,7.5,6.33,347.03,48.87,298.16,0,0,1
199,80,391,11,2024-11-02,2024-11-30,2024-11-30,2024-11-30,28,16.08,0.0,0.35,16.43,1.98,14.45,0,0,0
200,81,761,13,2024-02-06,2024-04-02,2024-04-02,2024-04-03,56,51.57,0.0,0.83,52.4,5.34,47.06,0,0,0
201,81,289,6,2024-04-14,2024-07-13,2024-07-13,2024-07-13,90,597.6,0.0,6.57,604.17,73.49,530.68,0,0,0
202,81,211,5,2024-07-17,2024-08-28,2024-08-28,2024-08-28,42,249.9,0.0,4.75,254.65,30.44,224.21,0,0,0
203,81,924,13,2024-09-04,2024-10-30,2024-10-31,2024-10-30,56,52.77,6.97,0.84,60.58,7.72,52.86,0,0,1
204,81,1097,4,2024-11-08,2024-12-06,2024-12-06,2024-12-06,28,175.65,0.0,2.81,178.46,23.89,154.57,0,0,0
205,84,361,6,2022-04-13,2022-05-25,2022-05-27,2022-05-27,42,278.88,10.18,3.07,292.13,31.16,260.97,0,0,1
206,85,1918,14,2023-02-28,2023-04-11,2023-04-11,2023-04-11,42,6.13,0.0,0.18,6.31,0.67,5.64,0,0,0
207,85,1562,4,2023-04-15,2023-05-13,2023-05-13,2023-05-13,28,170.8,0.0,2.73,173.53,23.2,150.33,0,0,0
208,85,1019,6,2023-05-21,2023-07-02,2023-07-02,2023-07-02,42,298.88,0.0,3.29,302.17,32.09,270.08,0,0,0
209,85,415,6,2023-07-12,2023-08-23,2023-08-25,2023-08-25,42,278.88,10.18,3.07,292.13,28.1,264.03,0,0,1
210,86,1958,5,2022-09-06,2022-11-01,2022-11-01,2022-11-01,56,359.46,0.0,6.83,366.29,48.37,317.92,0,0,0
211,86,1658,14,2022-11-11,2023-02-09,2023-02-09,2023-02-08,90,24.08,0.0,0.72,24.8,2.91,21.89,0,0,0
212,86,1653,13,2023-02-12,2023-05-07,2023-05-07,2023-05-07,84,23.02,0.0,0.37,23.39,2.76,20.63,0,0,0
213,86,1602,13,2023-05-11,2023-06-22,2023-06-22,2023-06-22,42,12.02,0.0,0.19,12.21,1.41,10.8,0,0,0
214,88,1083,6,2023-12-14,2024-03-13,2024-03-13,2024-03-13,90,627.84,0.0,6.91,634.75,75.72,559.03,0,0,0
215,88,751,5,2024-03-22,2024-05-17,2024-05-17,2024-05-17,56,333.2,0.0,6.33,339.53,58.22,281.31,0,0,0
216,88,1388,4,2024-05-24,2024-06-21,2024-06-21,2024-06-21,28,182.36,0.0,2.92,185.28,29.8,155.48,0,0,0
217,88,408,11,2024-06-27,2024-07-18,2024-07-18,2024-07-18,21,9.42,0.0,0.21,9.63,1.62,8.01,0,0,0
218,89,1332,5,2024-02-04,2024-03-17,2024-03-21,2024-03-21,42,249.9,15.0,4.75,269.65,42.9,226.75,0,0,1
219,89,417,3,2024-03-25,2024-04-22,2024-04-22,2024-04-22,28,143.36,0.0,2.01,145.37,19.54,125.83,0,0,0
220,89,719,13,2024-04-29,2024-06-10,2024-06-10,2024-06-10,42,28.21,0.0,0.45,28.66,4.87,23.79,0,0,0
221,89,839,14,2024-06-18,2024-09-10,2024-09-10,2024-09-10,84,52.95,0.0,1.59,54.54,5.69,48.85,0,0,0
222,90,106,6,2023-04-14,2023-05-26,2023-05-26,2023-05-26,42,278.88,0.0,3.07,281.95,32.04,249.91,0,0,0
223,90,1943,6,2023-06-05,2023-07-31,2023-07-31,2023-07-31,56,382.16,0.0,4.2,386.36,68.15,318.21,0,0,0
224,90,223,4,2023-08-09,2023-09-06,2023-09-06,2023-09-06,28,170.8,0.0,2.73,173.53,28.59,144.94,0,0,0
225,91,1154,6,2024-09-28,2024-11-09,2024-11-09,2024-11-09,42,303.45,0.0,3.34,306.79,37.22,269.57,0,0,0
226,91,229,13,2024-11-19,2025-01-14,2025-01-14,2025-01-14,56,8.12,0.0,0.13,8.25,1.19,7.06,0,0,0
227,94,1913,5,2023-07-24,2023-09-18,2023-09-18,2023-09-18,56,333.2,0.0,6.33,339.53,45.84,293.69,0,0,0
228,94,1143,5,2023-09-28,2023-11-09,2023-11-09,2023-11-09,42,265.04,0.0,5.04,270.08,27.29,242.79,0,0,0
229,94,499,13,2023-11-14,2023-12-26,2023-12-26,2023-12-26,42,6.14,0.0,0.1,6.24,1.09,5.15,0,0,0
230,95,583,5,2024-05-09,2024-08-01,2024-08-01,2024-08-01,84,534.63,0.0,10.16,544.79,76.31,468.48,0,0,0
231,95,12,13,2024-08-07,2024-10-02,2024-10-02,2024-10-02,56,8.97,0.0,0.14,9.11,1.38,7.73,0,0,0
232,95,1824,6,2024-10-07,2024-11-18,2024-11-18,2024-11-18,42,278.88,0.0,3.07,281.95,32.99,248.96,0,0,0
233,95,1523,13,2024-11-21,2025-01-02,2025-01-02,2025-01-02,42,7.37,0.0,0.12,7.49,1.1,6.39,0,0,0
234,97,939,13,2023-07-28,2023-10-20,2023-10-23,2023-10-24,84,75.61,20.91,1.21,97.73,11.62,86.11,0,0,1
235,97,1434,14,2023-10-27,2023-12-08,2023-12-12,2023-12-12,42,33.7,27.24,1.01,61.95,5.45,56.5,0,0,1
236,97,639,12,2023-12-23,2024-01-20,2024-01-20,2024-01-21,28,22.26,0.0,0.38,22.64,2.88,19.76,0,0,0
237,97,1766,5,2024-01-30,2024-04-29,2024-04-29,2024-04-29,90,535.5,0.0,10.17,545.67,80.73,464.94,0,0,0
238,97,1227,6,2024-05-04,2024-08-02,2024-08-02,,90,643.16,0.0,7.07,650.23,82.72,567.51,1,1,0
239,98,1291,3,2023-12-31,2024-01-28,2024-01-28,,28,150.09,0.0,2.1,152.19,17.77,134.42,1,0,0
240,98,443,5,2024-02-06,2024-04-02,2024-04-02,2024-04-01,56,333.2,0.0,6.33,339.53,42.83,296.7,0,0,0
241,98,270,5,2024-04-08,2024-06-03,2024-06-03,2024-06-03,56,333.2,0.0,6.33,339.53,49.92,289.61,0,0,0
242,98,1292,5,2024-06-11,2024-08-06,2024-08-06,2024-08-06,56,348.01,0.0,6.61,354.62,58.87,295.75,0,0,0
243,99,1473,13,2023-03-05,2023-04-30,2023-04-30,2023-04-30,56,17.08,0.0,0.27,17.35,1.81,15.54,0,0,0
244,100,1396,5,2024-08-29,2024-10-10,2024-10-10,2024-10-11,42,249.9,0.0,4.75,254.65,33.78,220.87,0,0,0
245,100,637,4,2024-10-18,2024-11-15,2024-11-15,2024-11-15,28,170.8,0.0,2.73,173.53,28.51,145.02,0,0,0
246,100,115,5,2024-11-22,2025-01-03,2025-01-03,2025-01-03,42,260.08,0.0,4.94,265.02,40.84,224.18,0,0,0
247,101,1453,3,2024-05-30,2024-06-27,2024-06-27,2024-06-27,28,153.54,0.0,2.15,155.69,16.1,139.59,0,0,0
248,101,608,12,2024-07-02,2024-07-23,2024-07-23,2024-07-23,21,10.41,0.0,0.18,10.59,1.5,9.09,0,0,0
249,101,1794,12,2024-07-26,2024-08-23,2024-08-23,2024-08-23,28,13.88,0.0,0.24,14.12,1.88,12.24,0,0,0
250,101,1807,6,2024-08-31,2024-10-26,2024-10-26,2024-10-26,56,371.84,0.0,4.09,375.93,44.81,331.12,0,0,0
251,101,874,11,2024-10-30,2024-11-27,2024-11-27,2024-11-27,28,23.49,0.0,0.52,24.01,3.24,20.77,0,0,0
252,102,965,11,2024-06-29,2024-07-27,2024-07-27,2024-07-27,28,16.69,0.0,0.37,17.06,1.76,15.3,0,0,0
253,102,1082,14,2024-08-01,2024-09-26,2024-09-26,2024-09-26,56,19.39,0.0,0.58,19.97,3.11,16.86,0,0,0
254,102,1820,6,2024-10-03,2024-12-26,2024-12-26,2024-12-26,84,557.76,0.0,6.14,563.9,77.95,485.95,0,0,0
255,103,1811,6,2021-02-08,2021-05-03,2021-05-05,2021-05-05,84,557.76,10.18,6.14,574.08,71.26,502.82,0,0,1
256,103,1601,12,2021-05-12,2021-06-09,2021-06-09,2021-06-09,28,10.72,0.0,0.18,10.9,1.74,9.16,0,0,0
257,103,1864,14,2021-06-18,2021-07-30,2021-07-30,2021-07-30,42,17.27,0.0,0.52,17.79,2.94,14.85,0,0,0
258,103,265,14,2021-08-12,2021-09-23,2021-09-23,2021-09-23,42,16.34,0.0,0.49,16.83,1.92,14.91,0,0,0
259,103,1824,13,2021-09-26,2021-12-19,2021-12-19,2021-12-19,84,38.08,0.0,0.61,38.69,4.82,33.87,0,0,0
260,104,1680,5,2021-07-03,2021-08-28,2021-08-28,2021-08-28,56,333.2,0.0,6.33,339.53,54.02,285.51,0,0,0
261,104,1973,5,2021-09-04,2021-11-27,2021-11-27,2021-11-27,84,510.76,0.0,9.7,520.46,83.66,436.8,0,0,0
262,104,74,12,2021-11-30,2021-12-28,2021-12-28,2021-12-28,28,9.17,0.0,0.16,9.33,1.19,8.14,0,0,0
263,104,468,13,2022-01-02,2022-02-13,2022-02-13,2022-02-13,42,15.06,0.0,0.24,15.3,2.08,13.22,0,0,0
264,105,537,13,2022-02-27,2022-04-24,2022-04-28,2022-04-28,56,10.97,27.88,0.18,39.03,1.74,37.29,0,0,1
265,105,1331,5,2022-05-08,2022-06-19,2022-06-19,2022-06-19,42,268.35,0.0,5.1,273.45,39.68,233.77,0,0,0
266,105,1027,4,2022-06-22,2022-07-20,2022-07-20,2022-07-20,28,187.4,0.0,3.0,190.4,23.02,167.38,0,0,0
267,105,1665,14,2022-07-30,2022-09-24,2022-09-24,2022-09-24,56,9.78,0.0,0.29,10.07,1.15,8.92,0,0,0
268,105,1930,6,2022-09-29,2022-11-10,2022-11-10,2022-11-09,42,301.22,0.0,3.31,304.53,34.24,270.29,0,0,0
269,106,1314,14,2024-08-29,2024-11-21,2024-11-21,2024-11-21,84,53.77,0.0,1.61,55.38,6.18,49.2,0,0,0
270,106,218,13,2024-11-26,2025-01-07,2025-01-07,2025-01-07,42,31.11,0.0,0.5,31.61,3.32,28.29,0,0,0
271,107,407,6,2024-04-22,2024-06-17,2024-06-17,2024-06-17,56,371.84,0.0,4.09,375.93,62.12,313.81,0,0,0
272,107,594,14,2024-06-22,2024-09-14,2024-09-14,2024-09-14,84,25.58,0.0,0.77,26.35,3.89,22.46,0,0,0
273,107,1805,13,2024-09-21,2024-11-16,2024-11-16,2024-11-16,56,19.97,0.0,0.32,20.29,3.26,17.03,0,0,0
274,107,1721,12,2024-11-25,2024-12-16,2024-12-16,2024-12-18,21,6.47,0.0,0.11,6.58,0.86,5.72,0,0,0
275,109,1831,5,2023-03-25,2023-05-06,2023-05-06,2023-05-06,42,249.9,0.0,4.75,254.65,37.88,216.77,0,0,0
276,109,629,5,2023-05-17,2023-07-12,2023-07-12,2023-07-13,56,348.86,0.0,6.63,355.49,49.72,305.77,0,0,0
277,109,1509,3,2023-07-24,2023-08-21,2023-08-21,2023-08-21,28,143.36,0.0,2.01,145.37,14.97,130.4,0,0,0
278,109,1369,5,2023-08-27,2023-10-08,2023-10-08,2023-10-09,42,249.9,0.0,4.75,254.65,32.02,222.63,0,0,0
279,109,305,5,2023-10-20,2023-12-01,2023-12-01,2023-12-01,42,249.9,0.0,4.75,254.65,36.09,218.56,0,0,0
280,111,1435,13,2023-10-04,2023-11-29,2023-11-29,2023-11-29,56,15.91,0.0,0.25,16.16,2.31,13.85,0,0,0
281,111,1955,6,2023-12-13,2024-01-24,2024-01-25,2024-01-25,42,286.45,5.09,3.15,294.69,50.07,244.62,0,0,1
282,113,1484,6,2023-03-11,2023-05-06,2023-05-06,2023-05-06,56,371.84,0.0,4.09,375.93,42.05,333.88,0,0,0
283,113,979,5,2023-05-15,2023-07-10,2023-07-10,2023-07-10,56,348.96,0.0,6.63,355.59,40.51,315.08,0,0,0
284,113,836,3,2023-07-17,2023-08-14,2023-08-14,2023-08-14,28,143.36,0.0,2.01,145.37,18.12,127.25,0,0,0
285,113,424,6,2023-08-24,2023-10-19,2023-10-19,2023-10-19,56,371.84,0.0,4.09,375.93,56.09,319.84,0,0,0
286,113,1413,13,2023-10-24,2023-12-19,2023-12-19,2023-12-19,56,21.66,0.0,0.35,22.01,2.74,19.27,0,0,0
287,113,1548,14,2023-12-27,2024-02-21,2024-02-21,2024-02-21,56,20.18,0.0,0.61,20.79,2.47,18.32,0,0,0
288,115,1092,4,2024-10-03,2024-10-31,2024-10-31,2024-10-31,28,170.8,0.0,2.73,173.53,30.47,143.06,0,0,0
289,115,1049,3,2024-11-06,2024-12-04,2024-12-04,2024-12-04,28,155.19,0.0,2.17,157.36,26.49,130.87,0,0,0
290,115,345,5,2024-12-08,2025-01-19,2025-01-19,2025-01-19,42,260.98,0.0,4.96,265.94,28.07,237.87,0,0,0
291,118,293,5,2022-11-25,2023-01-20,2023-01-20,2023-01-20,56,362.09,0.0,6.88,368.97,47.34,321.63,0,0,0
292,118,212,5,2023-01-29,2023-03-12,2023-03-12,2023-03-12,42,249.9,0.0,4.75,254.65,34.43,220.22,0,0,0
293,118,1812,6,2023-03-18,2023-05-13,2023-05-13,2023-05-13,56,371.84,0.0,4.09,375.93,51.51,324.42,0,0,0
294,121,247,12,2024-12-11,2025-01-01,2025-01-01,2025-01-01,21,14.91,0.0,0.25,15.16,1.8,13.36,0,0,0
295,122,169,6,2023-01-19,2023-04-13,2023-04-13,2023-04-13,84,557.76,0.0,6.14,563.9,62.77,501.13,0,0,0
296,122,1208,6,2023-04-16,2023-07-09,2023-07-09,2023-07-09,84,557.76,0.0,6.14,563.9,72.07,491.83,0,0,0
297,122,24,5,2023-07-17,2023-08-28,2023-08-28,2023-08-28,42,249.9,0.0,4.75,254.65,33.33,221.32,0,0,0
298,122,1839,6,2023-09-03,2023-10-15,2023-10-15,2023-10-15,42,290.61,0.0,3.2,293.81,34.58,259.23,0,0,0
299,122,1910,6,2023-10-20,2023-12-01,2023-12-01,2023-12-01,42,278.88,0.0,3.07,281.95,34.76,247.19,0,0,0
300,124,1314,11,2021-08-16,2021-09-13,2021-09-14,2021-09-14,28,5.63,7.64,0.12,13.39,0.68,12.71,0,0,1
301,124,398,5,2021-09-25,2021-11-06,2021-11-06,2021-11-06,42,263.77,0.0,5.01,268.78,28.27,240.51,0,0,0
302,124,597,6,2021-11-10,2022-02-02,2022-02-02,2022-02-02,84,598.84,0.0,6.59,605.43,77.75,527.68,0,0,0
303,125,65,14,2024-08-31,2024-11-23,2024-11-23,2024-11-23,84,12.26,0.0,0.37,12.63,1.57,11.06,0,0,0
304,125,359,6,2024-11-30,2025-01-25,2025-01-25,2025-01-25,56,402.42,0.0,4.43,406.85,62.64,344.21,0,0,0
305,126,122,13,2024-10-03,2024-12-26,2024-12-26,2024-12-26,84,84.14,0.0,1.35,85.49,8.49,77.0,0,0,0
306,127,1491,5,2024-02-04,2024-03-31,2024-03-31,2024-03-31,56,333.2,0.0,6.33,339.53,56.05,283.48,0,0,0
307,127,1580,11,2024-04-10,2024-05-08,2024-05-08,2024-05-08,28,3.84,0.0,0.08,3.92,0.5,3.42,0,0,0
308,127,579,6,2024-05-15,2024-08-07,2024-08-07,2024-08-07,84,606.18,0.0,6.67,612.85,109.01,503.84,0,0,0
309,128,258,14,2022-02-22,2022-05-17,2022-05-17,2022-05-17,84,9.46,0.0,0.28,9.74,1.29,8.45,0,0,0
310,128,362,5,2022-05-28,2022-07-09,2022-07-09,2022-07-09,42,255.54,0.0,4.86,260.4,27.7,232.7,0,0,0
311,128,1184,6,2022-07-14,2022-09-08,2022-09-08,2022-09-08,56,371.84,0.0,4.09,375.93,56.06,319.87,0,0,0
312,129,645,11,2023-02-20,2023-03-20,2023-03-22,2023-03-22,28,19.22,15.28,0.42,34.92,2.46,32.46,0,0,1
313,129,152,13,2023-03-27,2023-05-22,2023-05-22,2023-05-22,56,26.79,0.0,0.43,27.22,4.78,22.44,0,0,0
314,129,959,14,2023-05-25,2023-07-20,2023-07-20,2023-07-20,56,25.46,0.0,0.76,26.22,4.39,21.83,0,0,0
315,129,1813,5,2023-07-23,2023-09-17,2023-09-19,2023-09-19,56,333.2,7.5,6.33,347.03,58.61,288.42,0,0,1
316,129,1079,13,2023-09-30,2023-11-25,2023-11-25,2023-11-25,56,27.84,0.0,0.45,28.29,4.52,23.77,0,0,0
317,131,1004,13,2024-01-21,2024-03-17,2024-03-17,2024-03-17,56,20.68,0.0,0.33,21.01,3.32,17.69,0,0,0
318,131,1012,5,2024-03-23,2024-05-18,2024-05-21,2024-05-21,56,333.2,11.25,6.33,350.78,39.28,311.5,0,0,1
319,131,849,5,2024-06-15,2024-07-27,2024-07-27,2024-07-27,42,257.62,0.0,4.89,262.51,33.42,229.09,0,0,0
320,131,1283,4,2024-08-03,2024-08-31,2024-08-31,2024-08-31,28,170.8,0.0,2.73,173.53,30.46,143.07,0,0,0
321,132,1069,3,2024-10-18,2024-11-15,2024-11-15,2024-11-15,28,143.36,0.0,2.01,145.37,15.15,130.22,0,0,0
322,132,1007,5,2024-12-12,2025-03-12,2025-03-12,2025-03-13,90,548.57,0.0,10.42,558.99,72.52,486.47,0,0,0
323,133,1778,5,2024-08-03,2024-09-14,2024-09-14,2024-09-14,42,249.9,0.0,4.75,254.65,41.08,213.57,0,0,0
324,133,1259,14,2024-09-25,2024-11-06,2024-11-06,2024-11-06,42,6.55,0.0,0.2,6.75,0.86,5.89,0,0,0
325,133,1033,14,2024-11-15,2025-02-13,2025-02-13,2025-02-13,90,13.85,0.0,0.42,14.27,1.45,12.82,0,0,0
326,135,1697,3,2022-06-06,2022-06-27,2022-06-27,2022-06-27,21,117.58,0.0,1.65,119.23,11.96,107.27,0,0,0
327,135,559,12,2022-07-03,2022-07-31,2022-07-31,2022-07-31,28,7.8,0.0,0.13,7.93,1.32,6.61,0,0,0
328,135,146,4,2022-08-19,2022-09-16,2022-09-16,2022-09-16,28,170.8,0.0,2.73,173.53,20.18,153.35,0,0,0
329,135,543,14,2022-09-19,2022-11-14,2022-11-14,2022-11-14,56,16.85,0.0,0.51,17.36,2.62,14.74,0,0,0
330,136,1594,12,2024-11-10,2024-12-01,2024-12-01,2024-12-01,21,5.59,0.0,0.1,5.69,0.89,4.8,0,0,0
331,136,587,13,2024-12-06,2025-01-17,2025-01-17,2025-01-17,42,12.51,0.0,0.2,12.71,2.0,10.71,0,0,0
332,137,1214,3,2024-06-22,2024-07-20,2024-07-20,2024-07-20,28,147.09,0.0,2.06,149.15,24.18,124.97,0,0,0
333,137,108,4,2024-07-29,2024-08-19,2024-08-19,2024-08-21,21,128.1,0.0,2.05,130.15,21.19,108.96,0,0,0
334,137,876,6,2024-08-24,2024-10-19,2024-10-19,2024-10-18,56,371.84,0.0,4.09,375.93,46.67,329.26,0,0,0
335,137,1637,14,2024-10-22,2025-01-14,2025-01-14,2025-01-14,84,21.28,0.0,0.64,21.92,3.08,18.84,0,0,0
336,138,141,12,2023-06-03,2023-07-01,2023-07-01,2023-07-01,28,4.2,0.0,0.07,4.27,0.58,3.69,0,0,0
337,138,515,5,2023-07-11,2023-08-22,2023-08-22,2023-08-22,42,249.9,0.0,4.75,254.65,31.63,223.02,0,0,0
338,138,957,6,2023-08-31,2023-10-26,2023-10-26,2023-10-26,56,371.84,0.0,4.09,375.93,51.81,324.12,0,0,0
339,138,1285,5,2023-11-04,2023-12-16,2023-12-16,2023-12-16,42,257.26,0.0,4.89,262.15,31.73,230.42,0,0,0
340,139,841,6,2023-02-09,2023-05-04,2023-05-04,2023-05-04,84,557.76,0.0,6.14,563.9,79.81,484.09,0,0,0
341,139,145,3,2023-05-07,2023-06-04,2023-06-04,2023-06-04,28,156.04,0.0,2.18,158.22,26.88,131.34,0,0,0
342,139,705,14,2023-06-15,2023-07-27,2023-07-27,2023-07-28,42,36.69,0.0,1.1,37.79,5.25,32.54,0,0,0
343,140,1977,13,2023-03-14,2023-04-25,2023-04-25,2023-04-25,42,14.84,0.0,0.24,15.08,1.87,13.21,0,0,0
344,140,1307,14,2023-05-13,2023-07-08,2023-07-08,2023-07-08,56,19.07,0.0,0.57,19.64,2.77,16.87,0,0,0
345,140,1526,12,2023-07-17,2023-08-14,2023-08-14,2023-08-14,28,8.39,0.0,0.14,8.53,1.2,7.33,0,0,0
346,140,34,14,2023-08-24,2023-10-19,2023-10-19,2023-10-19,56,17.63,0.0,0.53,18.16,2.85,15.31,0,0,0
347,143,1173,4,2024-12-23,2025-01-20,2025-01-20,2025-01-20,28,180.4,0.0,2.89,183.29,19.72,163.57,0,0,0
348,144,1931,14,2023-09-27,2023-11-22,2023-11-22,2023-11-22,56,19.26,0.0,0.58,19.84,2.22,17.62,0,0,0
349,144,806,5,2023-11-30,2024-01-25,2024-01-25,2024-01-24,56,356.53,0.0,6.77,363.3,39.93,323.37,0,0,0
350,144,1519,6,2024-01-29,2024-04-28,2024-04-28,2024-04-27,90,597.6,0.0,6.57,604.17,76.83,527.34,0,0,0
351,144,759,6,2024-05-06,2024-07-29,2024-07-29,2024-07-29,84,573.49,0.0,6.31,579.8,69.99,509.81,0,0,0
352,144,1389,14,2024-08-04,2024-10-27,2024-10-27,2024-10-27,84,26.42,0.0,0.79,27.21,4.18,23.03,0,0,0
353,147,301,13,2024-05-13,2024-08-11,2024-08-11,2024-08-13,90,23.06,0.0,0.37,23.43,2.57,20.86,0,0,0
354,147,1230,12,2024-08-21,2024-09-18,2024-09-18,2024-09-17,28,5.7,0.0,0.1,5.8,0.96,4.84,0,0,0
355,147,951,13,2024-09-28,2024-11-23,2024-11-23,2024-11-23,56,14.5,0.0,0.23,14.73,2.05,12.68,0,0,0
356,147,1682,3,2024-12-03,2024-12-24,2024-12-24,2024-12-24,21,113.66,0.0,1.59,115.25,18.28,96.97,0,0,0
357,149,706,14,2024-09-05,2024-10-17,2024-10-17,2024-10-17,42,11.23,0.0,0.34,11.57,2.0,9.57,0,0,0
358,149,726,4,2024-10-26,2024-11-23,2024-11-23,2024-11-23,28,170.8,0.0,2.73,173.53,26.13,147.4,0,0,0
359,149,732,11,2024-12-02,2024-12-30,2024-12-30,2024-12-30,28,11.64,0.0,0.26,11.9,2.04,9.86,0,0,0
360,150,1604,6,2023-09-10,2023-10-22,2023-10-22,2023-10-22,42,299.52,0.0,3.29,302.81,35.79,267.02,0,0,0
361,150,65,14,2023-10-27,2023-12-08,2023-12-10,2023-12-11,42,5.83,13.62,0.17,19.62,0.65,18.97,0,0,1
362,150,819,6,2023-12-17,2024-01-28,2024-01-28,2024-01-29,42,298.94,0.0,3.29,302.23,49.63,252.6,0,0,0
363,150,1691,5,2024-02-07,2024-05-01,2024-05-01,2024-05-01,84,499.8,0.0,9.5,509.3,58.89,450.41,0,0,0
364,152,909,3,2021-03-31,2021-04-28,2021-04-28,2021-04-28,28,143.36,0.0,2.01,145.37,16.52,128.85,0,0,0
365,152,1541,12,2021-05-01,2021-05-29,2021-05-29,2021-05-28,28,10.34,0.0,0.18,10.52,1.42,9.1,0,0,0
366,152,1305,3,2021-06-01,2021-06-22,2021-06-22,2021-06-22,21,116.09,0.0,1.63,117.72,11.62,106.1,0,0,0
367,152,563,14,2021-07-03,2021-08-14,2021-08-14,2021-08-14,42,15.15,0.0,0.45,15.6,1.77,13.83,0,0,0
368,152,577,5,2021-09-03,2021-10-15,2021-10-15,2021-10-15,42,268.44,0.0,5.1,273.54,27.7,245.84,0,0,0
369,155,1209,5,2023-04-18,2023-07-17,2023-07-17,2023-07-17,90,535.5,0.0,10.17,545.67,86.95,458.72,0,0,0
370,155,86,11,2023-07-24,2023-08-21,2023-08-25,2023-08-25,28,26.98,30.56,0.59,58.13,4.21,53.92,0,0,1
371,155,473,12,2023-08-30,2023-09-27,2023-09-27,2023-09-27,28,15.94,0.0,0.27,16.21,2.79,13.42,0,0,0
372,155,197,14,2023-10-03,2023-11-14,2023-11-14,2023-11-14,42,25.14,0.0,0.75,25.89,4.1,21.79,0,0,0
373,155,1510,14,2023-11-25,2024-01-06,2024-01-06,2024-01-06,42,26.15,0.0,0.78,26.93,4.69,22.24,0,0,0
374,155,1110,5,2024-01-17,2024-02-28,2024-02-28,2024-02-28,42,249.9,0.0,4.75,254.65,28.04,226.61,0,0,0
375,156,1913,6,2023-01-17,2023-02-28,2023-02-28,2023-02-28,42,278.88,0.0,3.07,281.95,30.72,251.23,0,0,0
376,156,1200,13,2023-03-10,2023-04-21,2023-04-21,2023-04-21,42,19.63,0.0,0.31,19.94,3.01,16.93,0,0,0
377,156,1367,11,2023-04-25,2023-05-23,2023-05-23,2023-05-23,28,18.77,0.0,0.41,19.18,2.41,16.77,0,0,0
378,156,1642,12,2023-05-31,2023-06-21,2023-06-21,2023-06-21,21,9.0,0.0,0.15,9.15,1.48,7.67,0,0,0
379,157,1481,4,2024-11-30,2024-12-28,2024-12-28,2024-12-28,28,177.43,0.0,2.84,180.27,26.75,153.52,0,0,0
380,159,1984,4,2022-09-04,2022-10-02,2022-10-02,2022-10-02,28,176.0,0.0,2.82,178.82,26.84,151.98,0,0,0
381,159,906,4,2022-10-07,2022-10-28,2022-10-28,2022-10-28,21,128.1,0.0,2.05,130.15,19.43,110.72,0,0,0
382,159,884,4,2022-11-15,2022-12-13,2022-12-13,2022-12-13,28,175.14,0.0,2.8,177.94,28.76,149.18,0,0,0
383,159,537,13,2022-12-24,2023-02-18,2023-02-18,2023-02-18,56,21.24,0.0,0.34,21.58,2.35,19.23,0,0,0
384,160,911,5,2024-06-05,2024-07-17,2024-07-17,,42,269.5,0.0,5.12,274.62,27.62,247.0,1,0,0
385,160,64,5,2024-07-27,2024-09-21,2024-09-21,2024-09-21,56,333.2,0.0,6.33,339.53,38.63,300.9,0,0,0
386,160,1658,6,2024-09-29,2024-12-22,2024-12-22,2024-12-22,84,595.79,0.0,6.55,602.34,84.08,518.26,0,0,0
387,161,1054,6,2024-04-27,2024-06-08,2024-06-08,2024-06-08,42,278.88,0.0,3.07,281.95,47.23,234.72,0,0,0
388,161,1610,12,2024-06-13,2024-07-11,2024-07-11,2024-07-11,28,6.71,0.0,0.11,6.82,0.72,6.1,0,0,0
389,161,988,14,2024-07-17,2024-08-28,2024-08-28,2024-08-28,42,10.15,0.0,0.3,10.45,1.29,9.16,0,0,0
390,162,1414,5,2023-08-16,2023-09-27,2023-09-27,2023-09-27,42,249.9,0.0,4.75,254.65,29.94,224.71,0,0,0
391,162,92,3,2023-10-02,2023-10-30,2023-10-30,2023-10-30,28,143.36,0.0,2.01,145.37,22.92,122.45,0,0,0
392,162,137,11,2023-11-06,2023-12-04,2023-12-04,2023-12-03,28,10.89,0.0,0.24,11.13,1.73,9.4,0,0,0
393,163,94,3,2024-09-29,2024-10-27,2024-10-31,2024-10-31,28,152.04,27.96,2.13,182.13,16.7,165.43,0,0,1
394,163,1713,5,2024-11-09,2024-12-21,2024-12-21,2024-12-21,42,272.87,0.0,5.18,278.05,28.55,249.5,0,0,0
395,163,728,13,2024-12-28,2025-02-22,2025-02-22,2025-02-22,56,81.06,0.0,1.3,82.36,10.73,71.63,0,0,0
396,164,889,13,2022-06-20,2022-08-01,2022-08-01,2022-08-01,42,20.35,0.0,0.33,20.68,3.38,17.3,0,0,0
397,164,1291,5,2022-08-06,2022-10-01,2022-10-01,2022-10-01,56,333.2,0.0,6.33,339.53,50.24,289.29,0,0,0
398,164,1109,6,2022-10-04,2022-11-15,2022-11-15,2022-11-15,42,278.88,0.0,3.07,281.95,43.12,238.83,0,0,0
399,164,771,5,2022-11-24,2023-01-19,2023-01-19,2023-01-19,56,351.66,0.0,6.68,358.34,49.31,309.03,0,0,0
400,164,1914,14,2023-01-24,2023-03-21,2023-03-21,2023-03-21,56,23.45,0.0,0.7,24.15,2.58,21.57,0,0,0
401,165,1382,3,2024-01-25,2024-02-22,2024-02-22,2024-02-22,28,143.36,0.0,2.01,145.37,19.35,126.02,0,0,0
402,165,1313,11,2024-02-25,2024-03-24,2024-03-24,2024-03-24,28,17.36,0.0,0.38,17.74,2.31,15.43,0,0,0
403,165,400,5,2024-04-04,2024-07-03,2024-07-03,,90,535.5,0.0,10.17,545.67,55.41,490.26,1,0,0
404,165,323,3,2024-07-20,2024-08-10,2024-08-10,2024-08-10,21,107.52,0.0,1.51,109.03,18.35,90.68,0,0,0
405,171,1731,13,2024-03-06,2024-05-01,2024-05-01,2024-05-01,56,12.91,0.0,0.21,13.12,1.54,11.58,0,0,0
406,171,1241,12,2024-05-07,2024-05-28,2024-05-28,2024-05-29,21,4.22,0.0,0.07,4.29,0.46,3.83,0,0,0
407,171,1596,5,2024-06-05,2024-07-17,2024-07-17,2024-07-17,42,263.01,0.0,5.0,268.01,42.65,225.36,0,0,0
408,171,356,5,2024-07-20,2024-10-12,2024-10-12,2024-10-12,84,499.8,0.0,9.5,509.3,68.56,440.74,0,0,0
409,173,1865,5,2024-08-03,2024-09-28,2024-09-28,2024-09-27,56,333.2,0.0,6.33,339.53,57.27,282.26,0,0,0
410,173,1592,5,2024-09-30,2024-11-25,2024-11-25,2024-11-27,56,348.62,0.0,6.62,355.24,55.88,299.36,0,0,0
411,173,594,14,2024-12-17,2025-03-17,2025-03-17,2025-03-17,90,34.98,0.0,1.05,36.03,4.86,31.17,0,0,0
412,175,1426,6,2023-08-26,2023-10-07,2023-10-07,2023-10-07,42,278.88,0.0,3.07,281.95,49.13,232.82,0,0,0
413,175,1831,5,2023-10-17,2024-01-09,2024-01-09,2024-01-09,84,499.8,0.0,9.5,509.3,71.08,438.22,0,0,0
414,175,1531,3,2024-01-13,2024-02-03,2024-02-03,2024-02-04,21,107.52,0.0,1.51,109.03,14.38,94.65,0,0,0
415,175,540,5,2024-02-12,2024-05-06,2024-05-06,2024-05-06,84,499.8,0.0,9.5,509.3,83.44,425.86,0,0,0
416,175,595,13,2024-05-11,2024-08-03,2024-08-03,2024-08-03,84,76.76,0.0,1.23,77.99,9.17,68.82,0,0,0
417,177,152,13,2024-04-09,2024-05-21,2024-05-21,2024-05-21,42,27.5,0.0,0.44,27.94,3.94,24.0,0,0,0
418,177,1206,3,2024-05-29,2024-06-19,2024-06-19,2024-06-19,21,115.21,0.0,1.61,116.82,11.68,105.14,0,0,0
419,177,1300,6,2024-07-08,2024-09-02,2024-09-03,2024-09-03,56,371.84,5.09,4.09,381.02,46.67,334.35,0,0,1
420,177,1896,3,2024-09-09,2024-10-07,2024-10-07,2024-10-07,28,154.22,0.0,2.16,156.38,23.47,132.91,0,0,0
421,178,1776,12,2023-05-09,2023-06-06,2023-06-06,2023-06-06,28,5.54,0.0,0.09,5.63,0.91,4.72,0,0,0
422,178,1714,4,2023-06-13,2023-07-11,2023-07-11,2023-07-11,28,183.07,0.0,2.93,186.0,23.14,162.86,0,0,0
423,178,1947,4,2023-08-03,2023-08-31,2023-08-31,2023-08-31,28,170.8,0.0,2.73,173.53,29.69,143.84,0,0,0
424,180,272,13,2024-09-03,2024-11-26,2024-11-26,2024-11-26,84,70.2,0.0,1.12,71.32,7.95,63.37,0,0,0
425,180,307,6,2024-12-04,2025-01-15,2025-01-15,2025-01-15,42,300.51,0.0,3.31,303.82,30.77,273.05,0,0,0
426,183,1610,4,2022-09-22,2022-10-20,2022-10-20,2022-10-19,28,181.1,0.0,2.9,184.0,27.83,156.17,0,0,0
427,183,1676,14,2022-10-29,2022-12-10,2022-12-12,2022-12-12,42,6.36,13.62,0.19,20.17,0.99,19.18,0,0,1
428,183,1137,12,2022-12-22,2023-01-19,2023-01-19,2023-01-19,28,4.29,0.0,0.07,4.36,0.65,3.71,0,0,0
429,183,398,3,2023-01-29,2023-02-26,2023-02-26,2023-02-26,28,143.36,0.0,2.01,145.37,14.56,130.81,0,0,0
430,184,1046,13,2023-03-03,2023-04-14,2023-04-14,2023-04-14,42,17.95,0.0,0.29,18.24,2.4,15.84,0,0,0
431,184,1236,5,2023-04-24,2023-06-19,2023-06-19,2023-06-20,56,333.2,0.0,6.33,339.53,40.69,298.84,0,0,0
432,184,1833,12,2023-06-29,2023-07-27,2023-07-27,2023-07-26,28,10.89,0.0,0.19,11.08,1.24,9.84,0,0,0
433,184,1669,3,2023-07-29,2023-08-26,2023-08-26,2023-08-26,28,143.36,0.0,2.01,145.37,18.59,126.78,0,0,0
434,186,1250,4,2024-06-13,2024-07-04,2024-07-04,2024-07-04,21,133.18,0.0,2.13,135.31,16.63,118.68,0,0,0
435,186,140,4,2024-07-12,2024-08-09,2024-08-09,2024-08-09,28,170.8,0.0,2.73,173.53,22.44,151.09,0,0,0
436,186,383,6,2024-08-18,2024-09-29,2024-09-29,2024-09-29,42,278.88,0.0,3.07,281.95,34.07,247.88,0,0,0
437,191,1722,14,2024-11-24,2025-02-22,2025-02-22,2025-02-22,90,30.32,0.0,0.91,31.23,3.37,27.86,0,0,0
438,192,399,6,2024-09-16,2024-10-28,2024-10-28,2024-10-28,42,292.42,0.0,3.22,295.64,36.47,259.17,0,0,0
439,192,1250,13,2024-10-31,2024-12-12,2024-12-12,2024-12-12,42,39.29,0.0,0.63,39.92,4.18,35.74,0,0,0
440,192,135,13,2024-12-15,2025-02-09,2025-02-09,2025-02-09,56,54.47,0.0,0.87,55.34,8.86,46.48,0,0,0
441,193,1428,5,2021-10-14,2022-01-12,2022-01-12,2022-01-12,90,535.5,0.0,10.17,545.67,72.18,473.49,0,0,0
442,193,264,6,2022-01-20,2022-03-03,2022-03-03,2022-03-03,42,278.88,0.0,3.07,281.95,32.04,249.91,0,0,0
443,193,1258,12,2022-03-10,2022-04-07,2022-04-07,2022-04-07,28,22.38,0.0,0.38,22.76,3.73,19.03,0,0,0
444,193,832,3,2022-04-13,2022-05-11,2022-05-11,2022-05-11,28,143.36,0.0,2.01,145.37,23.64,121.73,0,0,0
445,193,95,4,2022-05-19,2022-06-16,2022-06-16,2022-06-16,28,182.63,0.0,2.92,185.55,27.43,158.12,0,0,0
446,194,887,6,2024-10-20,2025-01-12,2025-01-15,2025-01-15,84,557.76,15.27,6.14,579.17,72.74,506.43,0,0,1
447,195,1808,14,2023-03-10,2023-05-05,2023-05-05,2023-05-05,56,7.15,0.0,0.21,7.36,1.22,6.14,0,0,0
448,195,1997,5,2023-05-15,2023-06-26,2023-06-26,2023-06-26,42,257.16,0.0,4.89,262.05,28.92,233.13,0,0,0
449,195,124,14,2023-06-29,2023-08-10,2023-08-10,2023-08-10,42,5.72,0.0,0.17,5.89,1.0,4.89,0,0,0
450,195,1309,6,2023-08-13,2023-10-08,2023-10-08,2023-10-10,56,371.84,0.0,4.09,375.93,48.52,327.41,0,0,0
451,195,798,6,2023-10-13,2024-01-11,2024-01-11,2024-01-11,90,597.6,0.0,6.57,604.17,86.17,518.0,0,0,0
452,196,593,4,2024-09-19,2024-10-17,2024-10-17,2024-10-17,28,185.06,0.0,2.96,188.02,29.92,158.1,0,0,0
453,196,1365,11,2024-10-25,2024-11-22,2024-11-22,2024-11-22,28,19.15,0.0,0.42,19.57,2.03,17.54,0,0,0
454,196,1696,14,2024-11-28,2025-02-20,2025-02-20,2025-02-20,84,38.02,0.0,1.14,39.16,4.18,34.98,0,0,0
455,199,564,14,2024-11-15,2025-01-10,2025-01-10,2025-01-11,56,33.01,0.0,0.99,34.0,4.85,29.15,0,0,0
456,203,1213,6,2022-04-19,2022-07-12,2022-07-12,2022-07-12,84,557.76,0.0,6.14,563.9,73.88,490.02,0,0,0
457,203,1106,11,2022-07-17,2022-08-14,2022-08-14,2022-08-14,28,41.93,0.0,0.92,42.85,5.49,37.36,0,0,0
458,203,990,13,2022-08-17,2022-10-12,2022-10-12,2022-10-12,56,58.45,0.0,0.94,59.39,8.29,51.1,0,0,0
459,203,783,6,2022-10-23,2022-12-04,2022-12-04,2022-12-04,42,278.88,0.0,3.07,281.95,35.41,246.54,0,0,0
460,203,1408,3,2022-12-14,2023-01-11,2023-01-11,2023-01-11,28,148.09,0.0,2.07,150.16,25.84,124.32,0,0,0
461,204,1932,11,2022-07-27,2022-08-24,2022-08-24,2022-08-24,28,21.55,0.0,0.47,22.02,2.58,19.44,0,0,0
462,204,1234,11,2022-08-27,2022-09-24,2022-09-24,2022-09-24,28,21.55,0.0,0.47,22.02,3.05,18.97,0,0,0
463,204,967,13,2022-10-01,2022-11-26,2022-11-27,2022-11-27,56,30.04,6.97,0.48,37.49,4.53,32.96,0,0,1
464,205,23,12,2024-11-30,2024-12-28,2024-12-28,2024-12-27,28,10.92,0.0,0.19,11.11,1.11,10.0,0,0,0
465,206,1587,6,2023-09-13,2023-11-08,2023-11-08,2023-11-09,56,388.99,0.0,4.28,393.27,56.48,336.79,0,0,0
466,206,1601,5,2023-12-01,2024-01-12,2024-01-13,2024-01-13,42,268.54,3.75,5.1,277.39,42.54,234.85,0,0,1
467,207,338,4,2023-03-15,2023-04-12,2023-04-12,2023-04-12,28,170.8,0.0,2.73,173.53,17.46,156.07,0,0,0
468,207,253,11,2023-04-19,2023-05-10,2023-05-10,,21,12.61,0.0,0.28,12.89,1.63,11.26,1,0,0
469,207,375,12,2023-05-14,2023-06-11,2023-06-11,2023-06-11,28,10.18,0.0,0.17,10.35,1.79,8.56,0,0,0
470,207,1166,13,2023-06-14,2023-09-06,2023-09-06,2023-09-06,84,36.81,0.0,0.59,37.4,6.25,31.15,0,0,0
471,208,1434,5,2022-09-26,2022-11-07,2022-11-07,2022-11-07,42,262.69,0.0,4.99,267.68,42.86,224.82,0,0,0
472,208,1175,3,2022-11-18,2022-12-09,2022-12-09,2022-12-09,21,118.12,0.0,1.65,119.77,12.36,107.41,0,0,0
473,208,1111,3,2022-12-27,2023-01-24,2023-01-24,2023-01-24,28,149.5,0.0,2.09,151.59,20.46,131.13,0,0,0
474,208,1655,3,2023-01-30,2023-02-20,2023-02-20,2023-02-20,21,107.52,0.0,1.51,109.03,18.72,90.31,0,0,0
475,209,869,4,2023-03-13,2023-04-10,2023-04-11,2023-04-11,28,170.8,5.15,2.73,178.68,27.42,151.26,0,0,1
476,209,776,5,2023-04-16,2023-06-11,2023-06-11,2023-06-11,56,333.2,0.0,6.33,339.53,50.87,288.66,0,0,0
477,211,1805,14,2023-09-09,2023-10-21,2023-10-21,2023-10-21,42,24.2,0.0,0.73,24.93,3.82,21.11,0,0,0
478,211,1923,5,2023-10-27,2023-12-22,2023-12-22,2023-12-22,56,333.2,0.0,6.33,339.53,56.68,282.85,0,0,0
479,211,1951,14,2024-01-04,2024-02-29,2024-02-29,2024-02-29,56,30.22,0.0,0.91,31.13,4.8,26.33,0,0,0
480,211,1498,13,2024-03-03,2024-04-28,2024-04-28,2024-04-28,56,33.91,0.0,0.54,34.45,3.96,30.49,0,0,0
481,212,734,13,2024-04-14,2024-06-09,2024-06-09,2024-06-09,56,19.49,0.0,0.31,19.8,2.46,17.34,0,0,0
482,212,813,4,2024-06-13,2024-07-11,2024-07-15,2024-07-15,28,178.1,20.6,2.85,201.55,18.27,183.28,0,0,1
483,212,377,4,2024-07-20,2024-08-17,2024-08-17,2024-08-19,28,170.8,0.0,2.73,173.53,30.45,143.08,0,0,0
484,212,168,5,2024-08-30,2024-10-25,2024-10-25,2024-10-25,56,333.2,0.0,6.33,339.53,59.65,279.88,0,0,0
485,213,1931,13,2024-03-12,2024-05-07,2024-05-11,2024-05-11,56,19.47,27.88,0.31,47.66,3.25,44.41,0,0,1
486,213,1979,11,2024-05-16,2024-06-13,2024-06-13,2024-06-12,28,15.19,0.0,0.33,15.52,2.49,13.03,0,0,0
487,213,351,14,2024-06-17,2024-08-12,2024-08-12,2024-08-12,56,18.5,0.0,0.55,19.05,2.53,16.52,0,0,0
488,214,1016,6,2024-08-15,2024-10-10,2024-10-10,2024-10-10,56,371.84,0.0,4.09,375.93,54.84,321.09,0,0,0
489,214,284,4,2024-10-17,2024-11-14,2024-11-14,2024-11-14,28,170.8,0.0,2.73,173.53,30.36,143.17,0,0,0
490,214,823,4,2024-11-23,2024-12-21,2024-12-21,2024-12-21,28,182.2,0.0,2.92,185.12,20.12,165.0,0,0,0
491,214,1188,13,2024-12-26,2025-02-06,2025-02-06,2025-02-06,42,35.62,0.0,0.57,36.19,4.68,31.51,0,0,0
492,215,724,3,2024-01-26,2024-02-23,2024-02-23,2024-02-23,28,143.36,0.0,2.01,145.37,17.37,128.0,0,0,0
493,215,509,14,2024-02-29,2024-05-23,2024-05-23,2024-05-23,84,17.32,0.0,0.52,17.84,2.48,15.36,0,0,0
494,215,1255,14,2024-06-14,2024-07-26,2024-07-26,2024-07-26,42,8.9,0.0,0.27,9.17,1.25,7.92,0,0,0
495,218,1135,12,2024-05-16,2024-05-30,2024-05-30,2024-05-29,14,6.12,0.0,0.1,6.22,0.89,5.33,0,0,0
496,218,577,11,2024-06-02,2024-06-16,2024-06-16,2024-06-16,14,10.26,0.0,0.23,10.49,1.41,9.08,0,0,0
497,219,440,11,2023-04-09,2023-04-23,2023-04-23,2023-04-23,14,14.38,0.0,0.32,14.7,2.1,12.6,0,0,0
498,219,1488,12,2023-05-03,2023-05-17,2023-05-17,2023-05-17,14,8.84,0.0,0.15,8.99,1.55,7.44,0,0,0
499,222,934,3,2022-05-09,2022-05-23,2022-05-23,2022-05-23,14,76.23,0.0,1.07,77.3,13.1,64.2,0,0,0
500,222,919,3,2022-05-30,2022-06-20,2022-06-22,2022-06-22,21,117.8,13.98,1.65,133.43,18.95,114.48,0,0,1
501,222,480,12,2022-06-27,2022-07-11,2022-07-11,2022-07-11,14,11.06,0.0,0.19,11.25,1.77,9.48,0,0,0
502,224,1247,12,2024-06-05,2024-07-03,2024-07-03,2024-07-03,28,3.5,0.0,0.06,3.56,0.5,3.06,0,0,0
503,224,454,3,2024-07-09,2024-07-16,2024-07-16,2024-07-16,7,35.84,0.0,0.5,36.34,5.77,30.57,0,0,0
504,224,1225,3,2024-07-27,2024-08-10,2024-08-10,2024-08-10,14,71.68,0.0,1.0,72.68,12.75,59.93,0,0,0
505,225,1492,3,2021-06-22,2021-07-06,2021-07-06,2021-07-06,14,78.81,0.0,1.1,79.91,9.56,70.35,0,0,0
506,225,852,11,2021-07-10,2021-07-31,2021-07-31,2021-07-31,21,19.89,0.0,0.44,20.33,3.08,17.25,0,0,0
507,226,1944,4,2024-09-09,2024-09-30,2024-09-30,,21,134.37,0.0,2.15,136.52,21.82,114.7,1,1,0
508,226,1477,11,2024-10-06,2024-10-20,2024-10-20,2024-10-20,14,21.23,0.0,0.47,21.7,3.04,18.66,0,0,0
509,227,996,12,2023-01-16,2023-02-06,2023-02-06,2023-02-06,21,5.31,0.0,0.09,5.4,0.8,4.6,0,0,0
510,227,779,4,2023-02-10,2023-03-03,2023-03-05,2023-03-05,21,128.1,10.3,2.05,140.45,18.6,121.85,0,0,1
511,229,1555,4,2022-08-22,2022-08-29,2022-08-29,2022-08-29,7,42.7,0.0,0.68,43.38,5.98,37.4,0,0,0
512,229,1879,12,2022-09-04,2022-09-18,2022-09-18,2022-09-18,14,3.02,0.0,0.05,3.07,0.33,2.74,0,0,0
513,229,178,3,2022-09-23,2022-09-30,2022-09-30,2022-09-30,7,39.41,0.0,0.55,39.96,4.39,35.57,0,0,0
514,229,431,3,2022-10-08,2022-10-22,2022-10-22,2022-10-22,14,71.68,0.0,1.0,72.68,8.77,63.91,0,0,0
515,230,581,11,2023-01-07,2023-01-28,2023-01-28,2023-01-28,21,7.68,0.0,0.17,7.85,1.09,6.76,0,0,0
516,230,924,4,2023-02-06,2023-03-06,2023-03-09,2023-03-09,28,170.8,15.45,2.73,188.98,25.0,163.98,0,0,1
517,230,1138,3,2023-03-12,2023-04-09,2023-04-09,2023-04-10,28,143.36,0.0,2.01,145.37,20.62,124.75,0,0,0
518,232,1767,4,2024-08-29,2024-09-12,2024-09-12,2024-09-12,14,85.4,0.0,1.37,86.77,13.18,73.59,0,0,0
519,232,907,3,2024-09-18,2024-10-09,2024-10-09,2024-10-09,21,113.45,0.0,1.59,115.04,15.12,99.92,0,0,0
520,232,1283,4,2024-10-18,2024-11-01,2024-11-01,2024-11-02,14,85.4,0.0,1.37,86.77,9.71,77.06,0,0,0
521,233,75,3,2023-06-01,2023-06-08,2023-06-08,2023-06-08,7,37.84,0.0,0.53,38.37,6.2,32.17,0,0,0
522,233,229,12,2023-06-11,2023-06-25,2023-06-25,2023-06-25,14,3.73,0.0,0.06,3.79,0.38,3.41,0,0,0
523,234,1751,12,2024-04-29,2024-05-20,2024-05-20,2024-05-20,21,5.72,0.0,0.1,5.82,0.89,4.93,0,0,0
524,234,425,12,2024-05-25,2024-06-01,2024-06-01,2024-06-01,7,2.07,0.0,0.04,2.11,0.31,1.8,0,0,0
525,235,85,3,2023-07-05,2023-07-19,2023-07-19,2023-07-19,14,71.68,0.0,1.0,72.68,12.36,60.32,0,0,0
526,235,1977,11,2023-08-10,2023-08-17,2023-08-17,2023-08-17,7,7.81,0.0,0.17,7.98,1.13,6.85,0,0,0
527,236,1436,11,2024-08-02,2024-08-23,2024-08-23,2024-08-23,21,9.1,0.0,0.2,9.3,1.62,7.68,0,0,0
528,236,1830,4,2024-08-31,2024-09-07,2024-09-07,2024-09-07,7,42.7,0.0,0.68,43.38,7.66,35.72,0,0,0
529,237,864,11,2024-10-16,2024-10-30,2024-10-30,2024-10-30,14,11.23,0.0,0.25,11.48,1.3,10.18,0,0,0
530,237,1063,4,2024-11-10,2024-11-17,2024-11-17,2024-11-17,7,46.48,0.0,0.74,47.22,4.83,42.39,0,0,0
531,237,521,11,2024-11-22,2024-12-06,2024-12-06,2024-12-07,14,11.59,0.0,0.25,11.84,1.52,10.32,0,0,0
532,238,920,4,2024-02-02,2024-02-16,2024-02-16,2024-02-16,14,85.4,0.0,1.37,86.77,13.59,73.18,0,0,0
533,238,1083,12,2024-03-03,2024-03-24,2024-03-24,2024-03-25,21,9.02,0.0,0.15,9.17,1.57,7.6,0,0,0
534,238,751,12,2024-04-01,2024-04-22,2024-04-22,2024-04-22,21,9.02,0.0,0.15,9.17,1.51,7.66,0,0,0
535,239,1363,3,2024-05-24,2024-06-07,2024-06-07,2024-06-07,14,73.83,0.0,1.03,74.86,7.5,67.36,0,0,0
536,239,1927,12,2024-06-11,2024-07-02,2024-07-02,2024-07-02,21,3.33,0.0,0.06,3.39,0.44,2.95,0,0,0
537,240,1259,11,2024-11-23,2024-12-14,2024-12-14,2024-12-14,21,13.47,0.0,0.3,13.77,1.88,11.89,0,0,0
538,240,1523,3,2024-12-25,2025-01-08,2025-01-08,2025-01-08,14,78.54,0.0,1.1,79.64,10.47,69.17,0,0,0
539,241,1593,12,2024-10-16,2024-10-30,2024-10-30,2024-10-30,14,1.69,0.0,0.03,1.72,0.18,1.54,0,0,0
540,241,1085,11,2024-11-07,2024-11-21,2024-11-21,2024-11-21,14,3.01,0.0,0.07,3.08,0.53,2.55,0,0,0
541,242,1242,4,2024-11-28,2024-12-12,2024-12-12,2024-12-12,14,90.06,0.0,1.44,91.5,16.17,75.33,0,0,0
542,242,577,4,2024-12-17,2024-12-31,2024-12-31,2024-12-31,14,92.95,0.0,1.49,94.44,12.36,82.08,0,0,0
543,243,1145,4,2024-09-23,2024-09-30,2024-09-30,2024-09-30,7,44.23,0.0,0.71,44.94,7.06,37.88,0,0,0
544,243,1783,11,2024-10-03,2024-10-17,2024-10-17,2024-10-18,14,14.64,0.0,0.32,14.96,2.03,12.93,0,0,0
545,243,1882,12,2024-10-22,2024-11-19,2024-11-21,2024-11-21,28,17.3,6.36,0.29,23.95,2.41,21.54,0,0,1
546,244,25,12,2022-11-28,2022-12-12,2022-12-13,2022-12-12,14,5.86,3.18,0.1,9.14,0.79,8.35,0,0,1
547,244,1734,3,2023-01-04,2023-01-11,2023-01-12,2023-01-12,7,35.84,6.99,0.5,43.33,4.67,38.66,0,0,1
548,244,1953,3,2023-01-17,2023-02-07,2023-02-10,2023-02-09,21,107.52,20.97,1.51,130.0,18.6,111.4,0,0,1
549,245,834,12,2023-09-01,2023-09-29,2023-09-29,2023-09-29,28,9.72,0.0,0.17,9.89,1.38,8.51,0,0,0
550,245,1632,12,2023-10-05,2023-10-19,2023-10-19,2023-10-19,14,4.67,0.0,0.08,4.75,0.84,3.91,0,0,0
551,245,1837,11,2023-10-29,2023-11-05,2023-11-05,2023-11-05,7,3.95,0.0,0.09,4.04,0.58,3.46,0,0,0
552,246,1858,3,2024-08-18,2024-08-25,2024-08-28,2024-08-28,7,35.84,20.97,0.5,57.31,6.1,51.21,0,0,1
553,246,1033,11,2024-09-07,2024-09-14,2024-09-14,2024-09-14,7,3.7,0.0,0.08,3.78,0.53,3.25,0,0,0
554,247,1324,4,2024-01-23,2024-02-06,2024-02-06,2024-02-08,14,85.4,0.0,1.37,86.77,9.76,77.01,0,0,0
555,247,1856,11,2024-02-13,2024-02-27,2024-02-27,2024-02-26,14,6.19,0.0,0.14,6.33,0.9,5.43,0,0,0
556,247,1093,12,2024-03-08,2024-03-22,2024-03-22,2024-03-22,14,3.66,0.0,0.06,3.72,0.48,3.24,0,0,0
557,248,1529,4,2023-07-13,2023-07-20,2023-07-20,2023-07-20,7,42.7,0.0,0.68,43.38,5.71,37.67,0,0,0
558,248,1894,3,2023-07-26,2023-08-02,2023-08-02,2023-08-02,7,35.84,0.0,0.5,36.34,5.89,30.45,0,0,0
559,248,501,3,2023-08-06,2023-08-27,2023-08-27,2023-08-26,21,107.52,0.0,1.51,109.03,12.03,97.0,0,0,0
560,252,990,3,2024-08-16,2024-09-06,2024-09-06,2024-09-07,21,107.52,0.0,1.51,109.03,11.56,97.47,0,0,0
561,252,1889,3,2024-09-11,2024-09-18,2024-09-18,2024-09-18,7,37.12,0.0,0.52,37.64,4.72,32.92,0,0,0
562,252,571,3,2024-09-27,2024-10-11,2024-10-11,2024-10-11,14,73.25,0.0,1.03,74.28,11.42,62.86,0,0,0
563,252,1440,3,2024-10-17,2024-10-31,2024-10-31,2024-11-02,14,71.68,0.0,1.0,72.68,11.37,61.31,0,0,0
564,253,1628,3,2023-12-28,2024-01-11,2024-01-11,2024-01-11,14,75.9,0.0,1.06,76.96,11.61,65.35,0,0,0
565,253,1197,12,2024-01-18,2024-02-08,2024-02-08,2024-02-08,21,7.14,0.0,0.12,7.26,1.06,6.2,0,0,0
566,253,1608,3,2024-02-18,2024-03-03,2024-03-03,2024-03-03,14,71.68,0.0,1.0,72.68,10.1,62.58,0,0,0
567,253,309,3,2024-03-10,2024-04-07,2024-04-07,2024-04-09,28,143.36,0.0,2.01,145.37,21.09,124.28,0,0,0
568,254,1130,3,2023-12-13,2023-12-27,2023-12-27,2023-12-27,14,76.77,0.0,1.07,77.84,8.66,69.18,0,1,0
569,254,368,4,2024-01-03,2024-01-10,2024-01-14,2024-01-14,7,42.7,20.6,0.68,63.98,5.68,58.3,0,0,1
570,255,324,11,2024-05-26,2024-06-02,2024-06-02,2024-06-04,7,5.01,0.0,0.11,5.12,0.87,4.25,0,0,0
571,255,371,12,2024-06-10,2024-06-17,2024-06-17,2024-06-17,7,3.05,0.0,0.05,3.1,0.54,2.56,0,0,0
572,255,1820,3,2024-06-28,2024-07-19,2024-07-19,2024-07-18,21,110.54,0.0,1.55,112.09,18.02,94.07,0,0,0
573,257,1828,3,2021-08-26,2021-09-09,2021-09-09,2021-09-10,14,71.68,0.0,1.0,72.68,8.68,64.0,0,0,0
574,257,199,4,2021-09-21,2021-10-12,2021-10-12,2021-10-12,21,140.91,0.0,2.25,143.16,16.63,126.53,0,0,0
575,259,868,12,2024-10-01,2024-10-08,2024-10-08,2024-10-08,7,2.76,0.0,0.05,2.81,0.44,2.37,0,0,0
576,259,948,4,2024-10-16,2024-10-30,2024-10-30,2024-10-30,14,85.4,0.0,1.37,86.77,12.57,74.2,0,0,0
577,259,960,11,2024-11-10,2024-11-24,2024-11-24,2024-11-24,14,9.57,0.0,0.21,9.78,1.35,8.43,0,0,0
578,260,400,3,2024-09-15,2024-09-22,2024-09-22,2024-09-22,7,39.27,0.0,0.55,39.82,6.03,33.79,0,0,0
579,263,1829,4,2022-01-28,2022-02-04,2022-02-07,2022-02-07,7,42.7,15.45,0.68,58.83,6.92,51.91,0,0,1
580,263,276,12,2022-02-18,2022-03-04,2022-03-04,2022-03-04,14,7.78,0.0,0.13,7.91,0.89,7.02,0,0,0
581,263,521,12,2022-03-12,2022-04-02,2022-04-02,2022-04-03,21,11.67,0.0,0.2,11.87,1.66,10.21,0,0,0
582,263,792,11,2022-04-10,2022-04-24,2022-04-25,2022-04-26,14,13.16,7.64,0.29,21.09,2.06,19.03,0,0,1
583,264,1514,12,2024-08-08,2024-08-22,2024-08-22,2024-08-22,14,5.23,0.0,0.09,5.32,0.57,4.75,0,0,0
584,264,1032,3,2024-08-31,2024-09-21,2024-09-21,2024-09-21,21,107.52,0.0,1.51,109.03,17.88,91.15,0,0,0
585,264,1400,4,2024-09-30,2024-10-14,2024-10-14,2024-10-14,14,89.27,0.0,1.43,90.7,11.77,78.93,0,0,0
586,265,1917,4,2023-10-10,2023-10-24,2023-10-24,2023-10-24,14,85.4,0.0,1.37,86.77,13.75,73.02,0,0,0
587,265,134,4,2023-11-04,2023-11-25,2023-11-25,2023-11-25,21,131.4,0.0,2.1,133.5,16.57,116.93,0,0,0
588,265,260,11,2023-12-03,2023-12-10,2023-12-10,2023-12-12,7,4.48,0.0,0.1,4.58,0.58,4.0,0,0,0
589,265,1545,3,2024-01-03,2024-01-17,2024-01-17,2024-01-17,14,71.68,0.0,1.0,72.68,9.12,63.56,0,0,0
590,266,449,11,2023-04-24,2023-05-22,2023-05-22,2023-05-22,28,12.12,0.0,0.27,12.39,2.15,10.24,0,0,0
591,266,148,12,2023-05-28,2023-06-18,2023-06-18,2023-06-18,21,5.76,0.0,0.1,5.86,0.64,5.22,0,0,0
592,266,1018,3,2023-06-29,2023-07-06,2023-07-06,2023-07-06,7,38.77,0.0,0.54,39.31,3.97,35.34,0,0,0
593,266,1149,11,2023-07-16,2023-08-06,2023-08-06,2023-08-06,21,9.09,0.0,0.2,9.29,1.51,7.78,0,0,0
594,267,1872,12,2023-08-27,2023-09-17,2023-09-17,2023-09-17,21,5.55,0.0,0.09,5.64,0.86,4.78,0,0,0
595,267,1304,11,2023-09-26,2023-10-24,2023-10-24,2023-10-24,28,13.21,0.0,0.29,13.5,2.37,11.13,0,0,0
596,267,1885,11,2023-11-01,2023-11-15,2023-11-15,2023-11-15,14,6.71,0.0,0.15,6.86,1.21,5.65,0,0,0
597,272,444,11,2024-03-19,2024-04-02,2024-04-02,2024-04-02,14,6.88,0.0,0.15,7.03,0.94,6.09,0,0,0
598,272,908,4,2024-04-08,2024-04-22,2024-04-22,2024-04-23,14,85.4,0.0,1.37,86.77,9.58,77.19,0,0,0
599,272,1216,11,2024-04-26,2024-05-10,2024-05-10,2024-05-10,14,6.88,0.0,0.15,7.03,0.81,6.22,0,0,0
600,272,539,3,2024-05-21,2024-06-18,2024-06-18,2024-06-18,28,148.03,0.0,2.07,150.1,22.55,127.55,0,0,0
601,274,1386,4,2024-10-14,2024-10-28,2024-10-28,2024-10-28,14,85.4,0.0,1.37,86.77,8.72,78.05,0,0,0
602,274,155,4,2024-11-05,2024-11-26,2024-11-26,2024-11-26,21,138.86,0.0,2.22,141.08,22.28,118.8,0,0,0
603,274,1640,4,2024-12-13,2024-12-27,2024-12-27,2024-12-27,14,92.6,0.0,1.48,94.08,12.51,81.57,0,0,0
604,275,1219,11,2022-09-21,2022-10-05,2022-10-05,2022-10-05,14,5.8,0.0,0.13,5.93,0.84,5.09,0,0,0
605,275,1664,3,2022-10-13,2022-11-10,2022-11-10,2022-11-10,28,143.36,0.0,2.01,145.37,16.51,128.86,0,0,0
606,275,1456,4,2022-11-16,2022-11-23,2022-11-23,2022-11-23,7,46.66,0.0,0.75,47.41,7.64,39.77,0,0,0
607,279,72,3,2024-05-17,2024-05-24,2024-05-24,2024-05-24,7,39.28,0.0,0.55,39.83,6.19,33.64,0,0,0
608,279,36,4,2024-05-29,2024-06-19,2024-06-19,2024-06-20,21,131.18,0.0,2.1,133.28,18.09,115.19,0,0,0
609,279,824,4,2024-06-24,2024-07-08,2024-07-08,2024-07-08,14,92.72,0.0,1.48,94.2,16.25,77.95,0,0,0
610,279,234,4,2024-07-16,2024-07-30,2024-07-30,2024-07-30,14,85.4,0.0,1.37,86.77,9.77,77.0,0,0,0
611,279,433,12,2024-08-06,2024-08-20,2024-08-20,2024-08-20,14,7.16,0.0,0.12,7.28,1.01,6.27,0,0,0
612,279,238,12,2024-08-28,2024-09-04,2024-09-04,2024-09-04,7,3.58,0.0,0.06,3.64,0.54,3.1,0,0,0
613,280,170,4,2023-11-25,2023-12-09,2023-12-11,2023-12-10,14,92.33,10.3,1.48,104.11,15.51,88.6,0,0,1
614,280,1389,3,2023-12-20,2024-01-03,2024-01-03,2024-01-03,14,73.46,0.0,1.03,74.49,7.38,67.11,0,0,0
615,280,476,4,2024-01-13,2024-01-27,2024-01-27,2024-01-27,14,85.4,0.0,1.37,86.77,12.39,74.38,0,0,0
616,280,120,3,2024-02-07,2024-02-21,2024-02-23,2024-02-23,14,71.68,13.98,1.0,86.66,10.97,75.69,0,0,1
617,280,556,4,2024-03-01,2024-03-15,2024-03-15,2024-03-15,14,85.4,0.0,1.37,86.77,9.06,77.71,0,0,0
618,280,78,11,2024-03-25,2024-04-08,2024-04-08,2024-04-08,14,2.52,0.0,0.06,2.58,0.33,2.25,0,0,0
619,282,659,3,2024-10-30,2024-11-13,2024-11-13,2024-11-13,14,71.68,0.0,1.0,72.68,7.57,65.11,0,0,0
620,282,668,4,2024-11-18,2024-12-16,2024-12-16,2024-12-16,28,179.96,0.0,2.88,182.84,29.2,153.64,0,0,0
621,284,1212,12,2023-01-29,2023-02-19,2023-02-21,2023-02-21,21,10.63,6.36,0.18,17.17,1.54,15.63,0,0,1
622,284,1232,11,2023-02-26,2023-03-12,2023-03-12,2023-03-12,14,12.0,0.0,0.26,12.26,1.34,10.92,0,0,0
623,284,778,4,2023-03-18,2023-03-25,2023-03-25,2023-03-25,7,42.7,0.0,0.68,43.38,4.63,38.75,0,0,0
624,284,1251,12,2023-04-04,2023-04-25,2023-04-25,2023-04-25,21,10.63,0.0,0.18,10.81,1.38,9.43,0,0,0
625,284,249,11,2023-04-28,2023-05-05,2023-05-05,2023-05-05,7,6.0,0.0,0.13,6.13,0.92,5.21,0,0,0
626,284,469,11,2023-05-15,2023-05-29,2023-05-29,2023-05-29,14,13.03,0.0,0.29,13.32,1.33,11.99,0,0,0
627,285,1639,12,2024-12-07,2024-12-14,2024-12-14,2024-12-14,7,4.44,0.0,0.08,4.52,0.73,3.79,0,0,0
628,292,612,4,2024-08-03,2024-08-24,2024-08-24,2024-08-24,21,128.1,0.0,2.05,130.15,22.8,107.35,0,0,0
629,292,1938,3,2024-09-01,2024-09-29,2024-09-29,2024-09-29,28,148.69,0.0,2.08,150.77,19.69,131.08,0,0,0
630,292,502,12,2024-10-05,2024-11-02,2024-11-02,2024-11-02,28,25.81,0.0,0.44,26.25,2.7,23.55,0,0,0
631,292,26,12,2024-11-06,2024-11-20,2024-11-20,2024-11-20,14,13.5,0.0,0.23,13.73,2.2,11.53,0,0,0
632,292,54,4,2024-11-23,2024-12-14,2024-12-14,2024-12-15,21,132.39,0.0,2.12,134.51,17.72,116.79,0,0,0
633,293,1366,11,2023-09-09,2023-09-30,2023-10-04,2023-10-04,21,5.33,30.56,0.12,36.01,0.6,35.41,0,0,1
634,293,558,4,2023-10-11,2023-10-18,2023-10-18,2023-10-18,7,42.7,0.0,0.68,43.38,5.49,37.89,0,0,0
635,293,1466,3,2023-10-24,2023-10-31,2023-10-31,2023-10-31,7,35.84,0.0,0.5,36.34,5.8,30.54,0,0,0
636,293,1322,4,2023-11-04,2023-11-18,2023-11-18,2023-11-18,14,92.58,0.0,1.48,94.06,12.13,81.93,0,0,0
637,295,1552,12,2024-06-29,2024-07-13,2024-07-13,2024-07-13,14,5.15,0.0,0.09,5.24,0.69,4.55,0,0,0
638,295,576,3,2024-07-18,2024-08-15,2024-08-15,2024-08-15,28,143.36,0.0,2.01,145.37,20.88,124.49,0,0,0
639,295,1443,3,2024-08-19,2024-09-02,2024-09-02,2024-09-02,14,71.68,0.0,1.0,72.68,12.72,59.96,0,0,0
640,296,1662,11,2024-07-04,2024-07-11,2024-07-11,2024-07-11,7,4.16,0.0,0.09,4.25,0.48,3.77,0,0,0
641,296,1729,12,2024-07-14,2024-08-04,2024-08-04,2024-08-04,21,7.38,0.0,0.13,7.51,0.81,6.7,0,0,0
642,296,42,3,2024-08-15,2024-08-29,2024-08-29,2024-08-29,14,71.68,0.0,1.0,72.68,9.28,63.4,0,0,0
643,296,1223,11,2024-09-03,2024-09-24,2024-09-24,2024-09-24,21,13.38,0.0,0.29,13.67,1.93,11.74,0,0,0
644,296,561,11,2024-10-05,2024-10-19,2024-10-19,2024-10-19,14,8.33,0.0,0.18,8.51,0.87,7.64,0,0,0
645,297,905,12,2022-02-12,2022-02-19,2022-02-19,2022-02-19,7,3.07,0.0,0.05,3.12,0.33,2.79,0,0,0
646,297,1847,12,2022-02-24,2022-03-10,2022-03-10,2022-03-11,14,6.14,0.0,0.1,6.24,0.65,5.59,0,0,0
647,297,935,11,2022-03-14,2022-03-21,2022-03-21,2022-03-21,7,5.19,0.0,0.11,5.3,0.53,4.77,0,0,0
648,297,935,3,2022-03-30,2022-04-27,2022-04-27,2022-04-28,28,143.36,0.0,2.01,145.37,20.54,124.83,0,0,0
649,299,248,11,2024-08-17,2024-08-24,2024-08-24,2024-08-24,7,3.68,0.0,0.08,3.76,0.44,3.32,0,0,0
650,299,513,4,2024-08-30,2024-09-20,2024-09-20,2024-09-20,21,128.1,0.0,2.05,130.15,14.53,115.62,0,0,0
651,299,177,12,2024-10-01,2024-10-08,2024-10-08,2024-10-08,7,2.17,0.0,0.04,2.21,0.26,1.95,0,0,0
652,299,1599,3,2024-10-18,2024-10-25,2024-10-25,2024-10-25,7,35.84,0.0,0.5,36.34,5.39,30.95,0,0,0
653,299,311,4,2024-11-05,2024-11-26,2024-11-26,2024-11-26,21,140.27,0.0,2.24,142.51,16.57,125.94,0,0,0
654,301,425,3,2024-09-20,2024-10-11,2024-10-11,2024-10-11,21,118.23,0.0,1.66,119.89,20.26,99.63,0,0,0
655,301,1552,11,2024-10-21,2024-11-18,2024-11-18,2024-11-18,28,12.68,0.0,0.28,12.96,1.43,11.53,0,0,0
656,301,1780,3,2024-11-22,2024-12-20,2024-12-20,2024-12-21,28,150.59,0.0,2.11,152.7,15.73,136.97,0,0,0
657,302,22,3,2023-05-29,2023-06-05,2023-06-05,2023-06-05,7,37.09,0.0,0.52,37.61,4.86,32.75,0,0,0
658,302,379,11,2023-07-20,2023-08-03,2023-08-03,2023-08-03,14,12.25,0.0,0.27,12.52,1.36,11.16,0,0,0
659,303,1123,3,2024-07-13,2024-07-27,2024-07-27,2024-07-27,14,71.68,0.0,1.0,72.68,8.36,64.32,0,0,0
660,303,1299,12,2024-07-30,2024-08-06,2024-08-06,2024-08-06,7,1.83,0.0,0.03,1.86,0.21,1.65,0,0,0
661,303,111,3,2024-08-11,2024-08-18,2024-08-18,2024-08-18,7,35.84,0.0,0.5,36.34,6.35,29.99,0,0,0
662,306,1240,4,2024-12-13,2025-01-03,2025-01-03,2025-01-03,21,136.22,0.0,2.18,138.4,22.11,116.29,0,0,0
663,307,1339,3,2022-11-16,2022-11-30,2022-11-30,2022-11-30,14,73.69,0.0,1.03,74.72,11.27,63.45,0,0,0
664,307,1969,11,2022-12-06,2023-01-03,2023-01-03,2023-01-03,28,13.91,0.0,0.31,14.22,2.34,11.88,0,0,0
665,307,627,11,2023-01-09,2023-01-23,2023-01-23,2023-01-23,14,6.68,0.0,0.15,6.83,1.15,5.68,0,0,0
666,307,549,4,2023-02-02,2023-02-23,2023-02-23,2023-02-23,21,128.1,0.0,2.05,130.15,22.45,107.7,0,0,0
667,308,457,4,2023-07-15,2023-08-05,2023-08-09,2023-08-09,21,128.1,20.6,2.05,150.75,15.2,135.55,0,0,1
668,308,155,11,2023-08-14,2023-08-21,2023-08-21,2023-08-21,7,3.43,0.0,0.08,3.51,0.59,2.92,0,0,0
669,308,1728,11,2023-08-30,2023-09-20,2023-09-20,2023-09-20,21,10.3,0.0,0.23,10.53,1.19,9.34,0,0,0
670,308,1183,11,2023-09-30,2023-10-14,2023-10-14,2023-10-14,14,7.04,0.0,0.15,7.19,0.71,6.48,0,0,0
671,308,1360,4,2023-10-20,2023-11-03,2023-11-03,2023-11-03,14,85.4,0.0,1.37,86.77,9.44,77.33,0,0,0
672,309,860,11,2024-09-11,2024-09-18,2024-09-18,2024-09-18,7,7.18,0.0,0.16,7.34,0.74,6.6,0,0,0
673,309,984,4,2024-09-23,2024-10-07,2024-10-07,2024-10-07,14,93.73,0.0,1.5,95.23,15.0,80.23,0,0,0
674,309,1011,4,2024-10-11,2024-11-08,2024-11-08,2024-11-08,28,170.8,0.0,2.73,173.53,20.56,152.97,0,0,0
675,309,1827,4,2024-11-12,2024-12-03,2024-12-03,2024-12-03,21,139.21,0.0,2.23,141.44,18.1,123.34,0,0,0
676,309,138,11,2024-12-27,2025-01-24,2025-01-24,2025-01-24,28,29.23,0.0,0.64,29.87,4.53,25.34,0,0,0
677,310,130,3,2023-03-11,2023-03-25,2023-03-25,2023-03-25,14,71.68,0.0,1.0,72.68,7.61,65.07,0,0,0
678,310,1688,3,2023-04-18,2023-05-09,2023-05-09,2023-05-09,21,107.52,0.0,1.51,109.03,17.93,91.1,0,0,0
679,310,1705,4,2023-05-12,2023-06-02,2023-06-02,2023-06-02,21,137.32,0.0,2.2,139.52,14.15,125.37,0,0,0
680,312,1854,11,2024-09-10,2024-10-08,2024-10-08,2024-10-08,28,26.72,0.0,0.59,27.31,3.82,23.49,0,0,0
681,312,128,11,2024-10-18,2024-11-08,2024-11-08,2024-11-08,21,19.2,0.0,0.42,19.62,1.95,17.67,0,0,0
682,312,1846,3,2024-11-13,2024-12-04,2024-12-07,2024-12-07,21,114.86,20.97,1.61,137.44,19.65,117.79,0,0,1
683,312,193,12,2024-12-12,2025-01-02,2025-01-02,2025-01-02,21,12.23,0.0,0.21,12.44,1.24,11.2,0,0,0
684,314,1717,4,2023-07-09,2023-07-30,2023-07-30,2023-07-30,21,128.1,0.0,2.05,130.15,17.72,112.43,0,0,0
685,314,113,4,2023-08-07,2023-08-14,2023-08-14,2023-08-14,7,42.7,0.0,0.68,43.38,5.0,38.38,0,0,0
686,314,1033,3,2023-08-19,2023-09-02,2023-09-02,2023-09-04,14,71.68,0.0,1.0,72.68,7.73,64.95,0,0,0
687,314,735,4,2023-09-10,2023-09-17,2023-09-17,2023-09-17,7,46.76,0.0,0.75,47.51,5.8,41.71,0,0,0
688,316,409,9,2024-08-27,2024-08-31,2024-08-31,2024-08-31,4,3.72,0.0,0.06,3.78,0.57,3.21,0,0,0
689,316,251,9,2024-09-03,2024-09-05,2024-09-05,2024-09-06,2,1.91,0.0,0.03,1.94,0.38,1.56,0,0,0
690,316,875,10,2024-09-09,2024-09-11,2024-09-11,2024-09-11,2,1.68,0.0,0.02,1.7,0.34,1.36,0,0,0
691,316,1721,10,2024-09-14,2024-09-16,2024-09-16,2024-09-16,2,1.71,0.0,0.02,1.73,0.36,1.37,0,0,0
692,317,263,9,2023-08-12,2023-08-14,2023-08-14,2023-08-13,2,3.14,0.0,0.05,3.19,0.62,2.57,0,0,0
693,317,289,2,2023-08-16,2023-08-19,2023-08-19,2023-08-20,3,33.75,0.0,0.81,34.56,7.19,27.37,0,0,0
694,317,1577,10,2023-08-23,2023-08-25,2023-08-27,2023-08-26,2,2.68,10.24,0.04,12.96,0.46,12.5,0,0,1
695,317,1766,1,2023-08-29,2023-09-01,2023-09-01,2023-09-01,3,39.0,0.0,0.51,39.51,7.13,32.38,0,0,0
696,318,460,10,2024-12-13,2024-12-16,2024-12-16,2024-12-16,3,3.88,0.0,0.05,3.93,0.63,3.3,0,0,0
697,320,1965,1,2024-09-17,2024-09-21,2024-09-21,2024-09-21,4,55.26,0.0,0.72,55.98,9.5,46.48,0,0,0
698,320,1274,10,2024-09-24,2024-09-29,2024-09-29,2024-09-29,5,5.18,0.0,0.07,5.25,0.81,4.44,0,0,0
699,320,758,9,2024-10-14,2024-10-17,2024-10-17,2024-10-18,3,3.54,0.0,0.05,3.59,0.64,2.95,0,0,0
700,321,442,2,2024-01-11,2024-01-13,2024-01-13,2024-01-13,2,22.5,0.0,0.54,23.04,4.67,18.37,0,0,0
701,321,772,9,2024-01-26,2024-01-29,2024-01-29,2024-01-29,3,5.65,0.0,0.08,5.73,1.02,4.71,0,0,0
702,321,1528,9,2024-02-01,2024-02-06,2024-02-06,2024-02-07,5,9.41,0.0,0.14,9.55,1.42,8.13,0,0,0
703,322,530,2,2024-07-04,2024-07-09,2024-07-09,2024-07-09,5,56.25,0.0,1.35,57.6,8.97,48.63,0,0,0
704,322,361,10,2024-07-12,2024-07-17,2024-07-17,2024-07-18,5,5.84,0.0,0.08,5.92,1.19,4.73,0,0,0
705,322,1005,9,2024-07-21,2024-07-25,2024-07-25,2024-07-26,4,5.47,0.0,0.08,5.55,1.02,4.53,0,0,0
706,322,1580,10,2024-07-29,2024-08-02,2024-08-02,2024-08-02,4,4.67,0.0,0.07,4.74,0.74,4.0,0,0,0
707,323,1985,10,2022-05-21,2022-05-24,2022-05-24,2022-05-24,3,4.51,0.0,0.06,4.57,0.76,3.81,0,0,0
708,323,1402,10,2022-05-27,2022-05-30,2022-05-30,2022-05-30,3,4.59,0.0,0.06,4.65,0.9,3.75,0,0,0
709,323,965,1,2022-06-02,2022-06-05,2022-06-05,2022-06-05,3,41.78,0.0,0.54,42.32,8.65,33.67,0,0,0
710,323,348,9,2022-06-08,2022-06-10,2022-06-10,2022-06-10,2,3.5,0.0,0.05,3.55,0.67,2.88,0,0,0
711,324,763,9,2024-04-05,2024-04-10,2024-04-10,2024-04-10,5,8.15,0.0,0.12,8.27,1.33,6.94,0,0,0
712,324,215,9,2024-04-13,2024-04-18,2024-04-18,2024-04-18,5,8.15,0.0,0.12,8.27,1.53,6.74,0,0,0
713,324,402,10,2024-04-21,2024-04-28,2024-05-02,2024-05-03,7,9.75,20.48,0.14,30.37,1.57,28.8,0,0,1
714,324,671,10,2024-05-06,2024-05-13,2024-05-13,2024-05-13,7,10.03,0.0,0.14,10.17,2.06,8.11,0,0,0
715,327,1641,9,2024-11-22,2024-11-25,2024-11-25,2024-11-25,3,1.68,0.0,0.03,1.71,0.34,1.37,0,0,0
716,327,442,10,2024-11-28,2024-12-02,2024-12-05,2024-12-05,4,1.86,15.36,0.03,17.25,0.35,16.9,0,0,1
717,327,762,10,2024-12-08,2024-12-15,2024-12-15,2024-12-17,7,3.19,0.0,0.04,3.23,0.58,2.65,0,0,0
718,328,1503,9,2024-05-14,2024-05-16,2024-05-16,2024-05-16,2,2.55,0.0,0.04,2.59,0.42,2.17,0,0,0
719,328,977,9,2024-05-19,2024-05-21,2024-05-21,2024-05-21,2,2.46,0.0,0.04,2.5,0.37,2.13,0,0,0
720,328,1676,9,2024-05-24,2024-05-26,2024-05-26,2024-05-26,2,2.42,0.0,0.04,2.46,0.5,1.96,0,0,0
721,328,1982,1,2024-05-29,2024-06-03,2024-06-03,2024-06-03,5,68.96,0.0,0.9,69.86,15.15,54.71,0,0,0
722,329,356,10,2024-04-14,2024-04-21,2024-04-21,2024-04-21,7,10.22,0.0,0.14,10.36,2.02,8.34,0,0,0
723,329,1473,1,2024-04-24,2024-04-27,2024-04-27,2024-04-27,3,39.0,0.0,0.51,39.51,7.61,31.9,0,0,0
724,329,90,10,2024-04-30,2024-05-02,2024-05-02,2024-05-02,2,2.92,0.0,0.04,2.96,0.61,2.35,0,0,0
725,329,940,1,2024-05-05,2024-05-09,2024-05-09,2024-05-09,4,54.09,0.0,0.7,54.79,9.27,45.52,0,0,0
726,332,851,10,2024-06-05,2024-06-08,2024-06-08,2024-06-08,3,3.14,0.0,0.04,3.18,0.62,2.56,0,0,0
727,332,1915,9,2024-06-11,2024-06-18,2024-06-18,2024-06-18,7,8.53,0.0,0.13,8.66,1.38,7.28,0,0,0
728,332,1777,10,2024-06-21,2024-06-26,2024-06-26,2024-06-26,5,5.35,0.0,0.07,5.42,0.83,4.59,0,0,0
729,332,910,9,2024-06-29,2024-07-01,2024-07-01,2024-07-02,2,2.54,0.0,0.04,2.58,0.41,2.17,0,0,0
730,333,1694,10,2024-04-04,2024-04-07,2024-04-07,2024-04-07,3,2.99,0.0,0.04,3.03,0.59,2.44,0,0,0
731,333,849,2,2024-04-10,2024-04-14,2024-04-14,2024-04-14,4,45.0,0.0,1.08,46.08,9.45,36.63,0,0,0
732,333,1701,10,2024-04-17,2024-04-20,2024-04-20,2024-04-20,3,2.99,0.0,0.04,3.03,0.58,2.45,0,0,0
733,333,1029,2,2024-04-23,2024-04-27,2024-04-27,2024-04-27,4,45.0,0.0,1.08,46.08,8.4,37.68,0,0,0
734,334,374,10,2024-09-16,2024-09-21,2024-09-21,2024-09-21,5,4.89,0.0,0.07,4.96,1.0,3.96,0,0,0
735,334,1116,9,2024-09-24,2024-09-28,2024-09-28,2024-09-28,4,4.79,0.0,0.07,4.86,0.89,3.97,0,0,0
736,334,743,10,2024-10-01,2024-10-08,2024-10-08,2024-10-08,7,6.68,0.0,0.09,6.77,1.15,5.62,0,0,0
737,334,184,9,2024-10-11,2024-10-14,2024-10-14,2024-10-14,3,3.35,0.0,0.05,3.4,0.62,2.78,0,0,0
738,337,1564,1,2023-09-23,2023-09-30,2023-09-30,2023-09-30,7,99.87,0.0,1.3,101.17,16.39,84.78,0,0,0
739,337,516,10,2023-10-03,2023-10-06,2023-10-06,2023-10-06,3,3.5,0.0,0.05,3.55,0.63,2.92,0,0,0
740,337,210,9,2023-10-09,2023-10-16,2023-10-16,2023-10-16,7,9.57,0.0,0.14,9.71,1.61,8.1,0,0,0
741,337,1841,10,2023-10-19,2023-10-23,2023-10-24,2023-10-25,4,4.67,5.12,0.07,9.86,0.75,9.11,0,0,1
742,338,657,9,2023-07-19,2023-07-21,2023-07-21,2023-07-21,2,1.9,0.0,0.03,1.93,0.34,1.59,0,0,0
743,338,1568,1,2023-07-24,2023-07-28,2023-07-28,2023-07-28,4,52.0,0.0,0.68,52.68,9.11,43.57,0,0,0
744,338,1947,9,2023-07-31,2023-08-03,2023-08-03,2023-08-04,3,2.85,0.0,0.04,2.89,0.52,2.37,0,0,0
745,338,814,10,2023-08-07,2023-08-11,2023-08-11,2023-08-11,4,3.25,0.0,0.05,3.3,0.59,2.71,0,0,0
746,339,992,9,2024-01-11,2024-01-13,2024-01-13,2024-01-13,2,1.24,0.0,0.02,1.26,0.26,1.0,0,0,0
747,339,167,10,2024-01-16,2024-01-19,2024-01-19,2024-01-19,3,1.59,0.0,0.02,1.61,0.3,1.31,0,0,0
748,339,1584,1,2024-01-22,2024-01-26,2024-01-26,2024-01-26,4,52.0,0.0,0.68,52.68,9.76,42.92,0,0,0
749,340,208,9,2024-07-11,2024-07-15,2024-07-18,2024-07-20,4,5.68,6.63,0.09,12.4,0.97,11.43,0,0,1
750,340,1501,1,2024-07-23,2024-07-25,2024-07-25,2024-07-25,2,26.0,0.0,0.34,26.34,4.09,22.25,0,0,0
751,340,437,1,2024-07-28,2024-07-31,2024-07-31,2024-07-31,3,39.0,0.0,0.51,39.51,6.22,33.29,0,0,0
752,340,666,1,2024-08-03,2024-08-07,2024-08-07,2024-08-07,4,52.0,0.0,0.68,52.68,8.49,44.19,0,0,0
753,341,287,1,2024-09-19,2024-09-23,2024-09-23,2024-09-22,4,54.95,0.0,0.71,55.66,8.46,47.2,0,0,0
754,341,1394,10,2024-09-25,2024-09-28,2024-09-28,2024-09-28,3,2.07,0.0,0.03,2.1,0.43,1.67,0,0,0
755,341,942,2,2024-10-01,2024-10-04,2024-10-04,2024-10-04,3,33.75,0.0,0.81,34.56,7.0,27.56,0,0,0
756,341,153,10,2024-10-07,2024-10-11,2024-10-13,2024-10-13,4,2.6,10.24,0.04,12.88,0.4,12.48,0,0,1
757,342,1328,2,2024-08-23,2024-08-26,2024-08-26,2024-08-26,3,33.75,0.0,0.81,34.56,5.48,29.08,0,0,0
758,342,1205,10,2024-08-29,2024-09-03,2024-09-03,2024-09-03,5,7.69,0.0,0.11,7.8,1.53,6.27,0,0,0
759,342,1112,2,2024-09-06,2024-09-08,2024-09-08,2024-09-08,2,23.42,0.0,0.56,23.98,3.56,20.42,0,0,0
760,342,1787,10,2024-09-11,2024-09-16,2024-09-19,2024-09-19,5,8.2,15.36,0.11,23.67,1.3,22.37,0,0,1
761,343,431,9,2024-09-09,2024-09-12,2024-09-12,2024-09-12,3,3.73,0.0,0.06,3.79,0.81,2.98,0,0,0
762,343,1014,9,2024-09-15,2024-09-18,2024-09-18,2024-09-18,3,3.72,0.0,0.06,3.78,0.71,3.07,0,0,0
763,343,818,9,2024-09-21,2024-09-24,2024-09-24,2024-09-24,3,3.7,0.0,0.06,3.76,0.71,3.05,0,0,0
764,343,920,10,2024-09-27,2024-10-02,2024-10-02,2024-10-03,5,5.23,0.0,0.07,5.3,1.03,4.27,0,0,0
765,344,1651,9,2024-06-25,2024-06-27,2024-06-27,2024-06-27,2,2.18,0.0,0.03,2.21,0.43,1.78,0,0,0
766,344,634,10,2024-06-30,2024-07-04,2024-07-04,2024-07-04,4,3.66,0.0,0.05,3.71,0.66,3.05,0,0,0
767,344,1597,10,2024-07-07,2024-07-10,2024-07-10,2024-07-10,3,2.62,0.0,0.04,2.66,0.48,2.18,0,0,0
768,346,881,10,2024-10-31,2024-11-03,2024-11-03,2024-11-03,3,1.91,0.0,0.03,1.94,0.38,1.56,0,0,0
769,346,31,9,2024-11-06,2024-11-08,2024-11-08,2024-11-08,2,1.61,0.0,0.02,1.63,0.34,1.29,0,0,0
770,346,85,10,2024-11-11,2024-11-14,2024-11-14,2024-11-14,3,2.01,0.0,0.03,2.04,0.33,1.71,0,0,0
771,346,379,10,2024-11-17,2024-11-24,2024-11-24,2024-11-24,7,4.72,0.0,0.07,4.79,0.88,3.91,0,0,0
772,347,746,10,2024-05-03,2024-05-06,2024-05-06,2024-05-06,3,3.89,0.0,0.05,3.94,0.67,3.27,0,0,0
773,347,1689,9,2024-05-09,2024-05-13,2024-05-13,2024-05-13,4,5.7,0.0,0.09,5.79,1.04,4.75,0,0,0
774,347,413,9,2024-05-16,2024-05-19,2024-05-19,2024-05-19,3,4.55,0.0,0.07,4.62,0.86,3.76,0,0,0
775,347,1931,10,2024-05-22,2024-05-26,2024-05-26,2024-05-26,4,4.95,0.0,0.07,5.02,0.84,4.18,0,0,0
776,349,196,2,2023-01-18,2023-01-22,2023-01-22,2023-01-22,4,45.0,0.0,1.08,46.08,9.68,36.4,0,0,0
777,349,796,9,2023-01-25,2023-01-29,2023-01-29,2023-01-29,4,3.59,0.0,0.05,3.64,0.66,2.98,0,0,0
778,352,94,9,2021-02-03,2021-02-07,2021-02-07,2021-02-07,4,6.43,0.0,0.1,6.53,1.38,5.15,0,0,0
779,352,61,9,2021-02-10,2021-02-17,2021-02-17,2021-02-17,7,11.26,0.0,0.17,11.43,2.32,9.11,0,0,0
780,352,130,10,2021-02-20,2021-02-24,2021-02-24,2021-02-24,4,5.5,0.0,0.08,5.58,0.83,4.75,0,0,0
781,353,625,9,2023-07-11,2023-07-14,2023-07-14,2023-07-16,3,4.7,0.0,0.07,4.77,0.92,3.85,0,0,0
782,353,1713,2,2023-07-19,2023-07-23,2023-07-23,2023-07-24,4,45.0,0.0,1.08,46.08,8.37,37.71,0,0,0
783,353,1109,9,2023-07-27,2023-07-29,2023-08-02,2023-08-02,2,3.13,8.84,0.05,12.02,0.67,11.35,0,0,1
784,353,952,9,2023-08-05,2023-08-10,2023-08-10,2023-08-12,5,7.83,0.0,0.12,7.95,1.33,6.62,0,0,0
785,354,615,9,2024-12-09,2024-12-14,2024-12-14,2024-12-14,5,5.4,0.0,0.08,5.48,0.92,4.56,0,0,0
786,356,574,9,2024-01-25,2024-01-28,2024-01-28,2024-01-27,3,2.54,0.0,0.04,2.58,0.41,2.17,0,0,0
787,356,160,2,2024-02-20,2024-02-23,2024-02-23,2024-02-22,3,33.75,0.0,0.81,34.56,5.19,29.37,0,0,0
788,357,312,10,2024-03-20,2024-03-23,2024-03-23,2024-03-23,3,4.58,0.0,0.06,4.64,0.83,3.81,0,0,0
789,357,494,10,2024-03-26,2024-03-28,2024-03-28,2024-03-28,2,3.05,0.0,0.04,3.09,0.48,2.61,0,0,0
790,357,166,10,2024-03-31,2024-04-02,2024-04-02,2024-04-01,2,3.05,0.0,0.04,3.09,0.47,2.62,0,0,0
791,357,199,2,2024-04-04,2024-04-08,2024-04-08,2024-04-08,4,45.0,0.0,1.08,46.08,8.39,37.69,0,0,0
792,359,609,1,2024-02-14,2024-02-16,2024-02-16,2024-02-16,2,26.0,0.0,0.34,26.34,4.6,21.74,0,0,0
793,359,2000,1,2024-02-19,2024-02-23,2024-02-23,2024-02-22,4,52.0,0.0,0.68,52.68,10.92,41.76,0,0,0
794,359,1408,10,2024-02-25,2024-02-28,2024-02-28,2024-02-28,3,4.61,0.0,0.06,4.67,0.97,3.7,0,0,0
795,360,754,10,2023-09-15,2023-09-17,2023-09-17,2023-09-17,2,3.8,0.0,0.05,3.85,0.83,3.02,0,0,0
796,360,1035,1,2023-09-20,2023-09-22,2023-09-22,2023-09-21,2,28.47,0.0,0.37,28.84,4.53,24.31,0,0,0
797,360,1809,2,2023-09-24,2023-09-27,2023-09-27,2023-09-26,3,36.89,0.0,0.89,37.78,6.27,31.51,0,0,0
798,360,503,10,2023-09-29,2023-10-02,2023-10-03,2023-10-03,3,5.63,5.12,0.08,10.83,1.07,9.76,0,0,1
799,363,1465,9,2022-12-15,2022-12-20,2022-12-20,2022-12-20,5,5.97,0.0,0.09,6.06,1.0,5.06,0,0,0
800,363,1630,10,2023-01-09,2023-01-11,2023-01-13,2023-01-13,2,1.95,10.24,0.03,12.22,0.37,11.85,0,0,1
801,363,688,9,2023-01-16,2023-01-21,2023-01-21,2023-01-22,5,5.71,0.0,0.09,5.8,1.19,4.61,0,0,0
802,364,921,1,2024-04-24,2024-04-27,2024-04-27,2024-04-27,3,39.0,0.0,0.51,39.51,6.26,33.25,0,0,0
803,364,34,10,2024-04-30,2024-05-03,2024-05-03,2024-05-03,3,3.38,0.0,0.05,3.43,0.67,2.76,0,0,0
804,364,387,9,2024-05-06,2024-05-11,2024-05-13,2024-05-13,5,6.89,4.42,0.1,11.41,1.4,10.01,0,0,1
805,364,1622,9,2024-05-16,2024-05-21,2024-05-21,2024-05-21,5,7.07,0.0,0.11,7.18,1.36,5.82,0,0,0
806,365,801,1,2023-10-28,2023-11-01,2023-11-01,2023-11-01,4,52.0,0.0,0.68,52.68,9.0,43.68,0,0,0
807,365,1297,2,2023-11-04,2023-11-06,2023-11-06,2023-11-06,2,23.61,0.0,0.57,24.18,4.88,19.3,0,0,0
808,365,1391,9,2023-11-09,2023-11-14,2023-11-14,2023-11-14,5,7.71,0.0,0.12,7.83,1.39,6.44,0,0,0
809,365,1417,9,2023-11-17,2023-11-20,2023-11-20,2023-11-21,3,4.77,0.0,0.07,4.84,1.03,3.81,0,0,0
810,367,402,7,2024-05-10,2024-09-07,2024-09-07,2024-09-07,120,565.39,0.0,16.4,581.79,91.76,490.03,0,0,0
811,368,968,7,2023-08-05,2023-12-03,2023-12-03,2023-12-03,120,518.4,0.0,15.03,533.43,84.12,449.31,0,0,0
812,369,790,16,2024-11-09,2025-04-08,2025-04-09,2025-04-10,150,322.65,2.44,3.87,328.96,53.27,275.69,0,1,1
813,372,284,16,2024-10-30,2025-02-27,2025-02-27,2025-02-26,120,257.16,0.0,3.09,260.25,44.41,215.84,0,0,0
814,373,233,7,2024-12-30,2025-04-29,2025-04-29,2025-04-29,120,567.7,0.0,16.46,584.16,92.36,491.8,0,0,0
815,374,1584,16,2024-05-13,2024-08-11,2024-08-11,2024-08-10,90,182.85,0.0,2.19,185.04,35.33,149.71,0,0,0
816,374,467,16,2024-08-14,2025-01-11,2025-01-11,2025-01-11,150,289.24,0.0,3.47,292.71,55.19,237.52,0,0,0
817,375,1483,8,2023-12-22,2024-03-21,2024-03-21,2024-03-21,90,478.93,0.0,9.1,488.03,76.19,411.84,0,0,0
818,375,1874,8,2024-03-28,2024-07-26,2024-07-26,2024-07-26,120,591.6,0.0,11.24,602.84,90.01,512.83,0,0,0
819,375,1455,7,2024-08-04,2024-12-02,2024-12-02,2024-12-02,120,518.4,0.0,15.03,533.43,75.48,457.95,0,0,0
820,376,784,16,2024-09-19,2025-03-18,2025-03-18,2025-03-18,180,446.18,0.0,5.35,451.53,85.2,366.33,0,0,0
821,377,844,16,2024-07-18,2025-01-14,2025-01-14,2025-01-15,180,354.19,0.0,4.25,358.44,50.47,307.97,0,0,0
822,380,1534,8,2021-11-15,2022-04-14,2022-04-14,2022-04-14,150,781.81,0.0,14.85,796.66,119.83,676.83,0,0,0
823,380,1265,7,2022-04-19,2022-09-16,2022-09-16,2022-09-16,150,648.0,0.0,18.79,666.79,100.23,566.56,0,0,0
824,381,748,8,2024-12-10,2025-04-09,2025-04-11,2025-04-11,120,613.46,5.18,11.66,630.3,91.84,538.46,0,0,1
825,383,1984,8,2024-02-13,2024-07-12,2024-07-12,2024-07-12,150,739.5,0.0,14.05,753.55,117.58,635.97,0,0,0
826,383,1841,16,2024-07-20,2024-11-17,2024-11-17,2024-11-17,120,304.88,0.0,3.66,308.54,51.46,257.08,0,0,0
827,384,1447,7,2023-10-15,2024-01-13,2024-01-13,2024-01-13,90,388.8,0.0,11.28,400.08,76.25,323.83,0,0,0
828,384,1485,7,2024-01-24,2024-06-22,2024-06-22,2024-06-21,150,648.0,0.0,18.79,666.79,97.3,569.49,0,0,0
829,386,625,16,2023-09-20,2023-11-19,2023-11-19,2023-11-19,60,111.72,0.0,1.34,113.06,20.09,92.97,0,0,0
830,386,752,16,2023-11-24,2024-02-22,2024-02-22,2024-02-22,90,162.78,0.0,1.95,164.73,32.46,132.27,0,0,0
831,387,783,7,2024-10-04,2025-02-01,2025-02-01,2025-02-01,120,518.4,0.0,15.03,533.43,103.24,430.19,0,0,0
832,389,1734,7,2023-01-15,2023-05-15,2023-05-15,2023-05-15,120,518.4,0.0,15.03,533.43,93.51,439.92,0,0,0
833,390,1025,15,2023-10-19,2023-12-18,2023-12-18,2023-12-18,60,94.59,0.0,2.27,96.86,18.53,78.33,0,0,0
834,394,185,16,2024-06-05,2024-10-03,2024-10-04,2024-10-04,120,260.04,2.44,3.12,265.6,44.96,220.64,0,0,1
835,394,918,15,2024-10-10,2024-12-09,2024-12-09,2024-12-09,60,82.09,0.0,1.97,84.06,12.41,71.65,0,0,0
836,394,1029,15,2024-12-14,2025-06-12,2025-06-12,2025-06-11,180,267.92,0.0,6.43,274.35,53.49,220.86,0,0,0
837,396,278,7,2022-06-21,2022-09-19,2022-09-19,2022-09-19,90,397.07,0.0,11.52,408.59,61.21,347.38,0,0,0
838,397,119,8,2024-12-06,2025-04-05,2025-04-05,2025-04-05,120,632.64,0.0,12.02,644.66,110.39,534.27,0,0,0
839,398,1138,7,2023-10-05,2024-03-03,2024-03-03,2024-03-03,150,648.0,0.0,18.79,666.79,117.35,549.44,0,0,0
840,398,1530,7,2024-03-09,2024-06-07,2024-06-07,2024-06-07,90,388.8,0.0,11.28,400.08,58.09,341.99,0,0,0
841,399,319,15,2024-10-10,2025-02-07,2025-02-07,2025-02-07,120,225.48,0.0,5.41,230.89,39.44,191.45,0,0,0
842,400,1013,16,2023-07-28,2023-10-26,2023-10-26,2023-10-26,90,221.26,0.0,2.66,223.92,37.95,185.97,0,0,0
843,400,1236,8,2023-10-31,2024-04-28,2024-04-28,2024-04-28,180,887.4,0.0,16.86,904.26,170.27,733.99,0,0,0
844,400,133,8,2024-05-07,2024-09-04,2024-09-04,2024-09-04,120,629.55,0.0,11.96,641.51,88.31,553.2,0,0,0
845,402,649,15,2024-11-28,2025-02-26,2025-02-26,2025-02-25,90,127.57,0.0,3.06,130.63,25.47,105.16,0,0,0
846,403,1003,8,2024-07-04,2024-12-01,2024-12-01,2024-11-30,150,739.5,0.0,14.05,753.55,105.2,648.35,0,0,0
847,403,929,7,2024-12-03,2025-06-01,2025-06-01,2025-06-01,180,795.66,0.0,23.07,818.73,158.42,660.31,0,0,0
848,405,451,15,2023-05-20,2023-07-19,2023-07-19,2023-07-19,60,84.18,0.0,2.02,86.2,14.95,71.25,0,0,0
849,405,141,7,2023-07-26,2023-10-24,2023-10-24,2023-10-24,90,388.8,0.0,11.28,400.08,56.07,344.01,0,0,0
