product_id,original_retail_price,months_at_enrollment,months_unsold_at_comparison,discount_pct,hypothetical_discount_price,total_gross_rental_revenue,total_operational_cost,total_net_rental_revenue,n_rentals,months_on_rental,rental_vs_discount_ratio,is_rental_more_profitable,product_name,brand,category_id,category_name
1,408.54,9.9,9.9,0.45,224.7,53.96,12.31,41.65,1,0.46,0.1854,0,Apple Smartphone X,Apple,1,Smartphones
2,1508.9,9.9,35.9,0.75,377.23,612.89,124.61,488.28,4,1.15,1.2944,1,Xiaomi Smartphone Ultra,Xiaomi,1,Smartphones
3,737.02,9.9,22.6,0.7,221.11,375.03,69.57,305.46,3,1.68,1.3815,1,Samsung Smartphone Pro,Samsung,1,Smartphones
4,591.84,9.9,13.4,0.55,266.33,312.48,57.8,254.68,2,1.38,0.9563,0,Apple Smartphone Ultra,Apple,1,Smartphones
5,980.64,9.9,9.1,0.45,539.35,0.0,0.0,0.0,0,0.0,0.0,0,Samsung Smartphone SE,Samsung,1,Smartphones
6,425.74,9.9,13.1,0.55,191.58,275.32,41.24,234.08,3,0.92,1.2218,1,Xiaomi Smartphone Lite,Xiaomi,1,Smartphones
7,330.79,9.9,34.1,0.75,82.7,659.84,137.89,521.95,6,3.98,6.3114,1,OnePlus Smartphone SE,OnePlus,1,Smartphones
8,622.98,9.9,10.1,0.45,342.64,100.45,17.72,82.73,1,0.46,0.2414,0,Apple Smartphone Pro,Apple,1,Smartphones
9,1130.37,9.9,53.9,0.75,282.59,369.36,78.02,291.34,2,0.92,1.031,1,Xiaomi Smartphone Plus,Xiaomi,1,Smartphones
10,507.52,9.9,9.9,0.45,279.14,0.0,0.0,0.0,0,0.0,0.0,0,Apple Smartphone Plus,Apple,1,Smartphones
11,420.35,9.9,35.5,0.75,105.09,183.65,41.69,141.96,4,1.38,1.3508,1,Samsung Smartphone Lite,Samsung,1,Smartphones
12,357.96,9.9,12.2,0.55,161.08,53.7,10.83,42.87,1,0.46,0.2661,0,OnePlus Smartphone Lite,OnePlus,1,Smartphones
13,591.29,9.9,16.4,0.55,266.08,438.13,86.78,351.35,4,2.53,1.3205,1,OnePlus Smartphone,OnePlus,1,Smartphones
14,156.12,9.9,15.9,0.55,70.25,580.58,106.51,474.07,4,3.12,6.7483,1,Xiaomi Smartphone Plus,Xiaomi,1,Smartphones
15,369.75,9.9,9.7,0.45,203.36,0.0,0.0,0.0,0,0.0,0.0,0,Xiaomi Smartphone Lite,Xiaomi,1,Smartphones
16,626.89,9.9,17.6,0.55,282.1,328.84,59.76,269.08,3,1.61,0.9538,0,Samsung Smartphone Pro,Samsung,1,Smartphones
17,1016.55,9.9,19.8,0.7,304.97,403.72,88.77,314.95,2,1.38,1.0327,1,OnePlus Smartphone Max,OnePlus,1,Smartphones
18,174.24,9.9,8.4,0.45,95.83,0.0,0.0,0.0,0,0.0,0.0,0,Xiaomi Smartphone,Xiaomi,1,Smartphones
19,174.12,9.9,15.7,0.55,78.35,387.4,75.56,311.84,5,2.07,3.9801,1,Apple Smartphone SE,Apple,1,Smartphones
20,1024.82,9.9,8.1,0.45,563.65,0.0,0.0,0.0,0,0.0,0.0,0,Apple Smartphone,Apple,1,Smartphones
21,397.6,9.9,9.7,0.45,218.68,0.0,0.0,0.0,0,0.0,0.0,0,Samsung Smartphone X,Samsung,1,Smartphones
22,378.1,9.9,10.3,0.45,207.96,81.33,19.28,62.05,1,0.23,0.2984,0,Xiaomi Smartphone,Xiaomi,1,Smartphones
23,1176.96,9.9,9.8,0.45,647.33,0.0,0.0,0.0,0,0.0,0.0,0,Xiaomi Smartphone SE,Xiaomi,1,Smartphones
24,640.45,9.9,34.0,0.75,160.11,205.08,34.11,170.97,3,1.15,1.0678,1,Apple Smartphone Plus,Apple,1,Smartphones
25,338.87,9.9,12.1,0.55,152.49,122.83,19.81,103.02,2,0.92,0.6756,0,Samsung Smartphone Plus,Samsung,1,Smartphones
26,879.75,9.9,26.3,0.75,219.94,488.55,101.15,387.4,5,1.84,1.7614,1,Xiaomi Smartphone Plus,Xiaomi,1,Smartphones
27,500.61,9.9,8.1,0.45,275.34,0.0,0.0,0.0,0,0.0,0.0,0,OnePlus Smartphone Ultra,OnePlus,1,Smartphones
28,236.74,9.9,42.4,0.75,59.19,593.18,116.67,476.51,4,3.12,8.0505,1,Xiaomi Smartphone Max,Xiaomi,1,Smartphones
29,155.6,9.9,9.9,0.45,85.58,0.0,0.0,0.0,0,0.0,0.0,0,Apple Smartphone SE,Apple,1,Smartphones
30,157.75,9.9,17.5,0.55,70.99,372.22,52.8,319.42,3,1.38,4.4995,1,Xiaomi Smartphone,Xiaomi,1,Smartphones
31,429.18,9.9,10.4,0.45,236.05,107.37,16.38,90.99,1,0.69,0.3855,0,Apple Smartphone Plus,Apple,1,Smartphones
32,463.58,9.9,34.1,0.75,115.89,458.56,74.39,384.17,5,2.07,3.315,1,Samsung Smartphone,Samsung,1,Smartphones
33,411.97,9.9,7.6,0.45,226.58,0.0,0.0,0.0,0,0.0,0.0,0,Xiaomi Smartphone Ultra,Xiaomi,1,Smartphones
34,707.2,9.9,35.4,0.75,176.8,594.87,115.9,478.97,4,2.53,2.7091,1,Apple Smartphone Max,Apple,1,Smartphones
35,339.13,9.9,18.3,0.7,101.74,724.94,147.73,577.21,5,3.81,5.6734,1,Xiaomi Smartphone Plus,Xiaomi,1,Smartphones
36,206.19,9.9,18.0,0.55,92.79,201.33,32.97,168.36,5,1.15,1.8144,1,Apple Smartphone,Apple,1,Smartphones
37,246.36,9.9,53.0,0.75,61.59,166.31,32.94,133.37,3,1.91,2.1654,1,Samsung Smartphone Ultra,Samsung,1,Smartphones
38,676.59,9.9,12.5,0.55,304.47,202.95,37.09,165.86,2,0.92,0.5447,0,Samsung Smartphone Ultra,Samsung,1,Smartphones
39,152.73,9.9,39.8,0.75,38.18,810.85,153.41,657.44,7,3.22,17.2195,1,Samsung Smartphone Plus,Samsung,1,Smartphones
40,347.27,9.9,8.3,0.45,191.0,0.0,0.0,0.0,0,0.0,0.0,0,Apple Smartphone,Apple,1,Smartphones
41,370.98,9.9,7.2,0.45,204.04,0.0,0.0,0.0,0,0.0,0.0,0,Samsung Smartphone Pro,Samsung,1,Smartphones
42,1129.21,9.9,15.0,0.55,508.14,788.23,146.97,641.26,3,2.14,1.262,1,Apple Smartphone Ultra,Apple,1,Smartphones
43,630.58,9.9,13.3,0.55,283.76,310.73,65.79,244.94,3,1.45,0.8632,0,OnePlus Smartphone SE,OnePlus,1,Smartphones
44,417.28,9.9,15.9,0.55,187.78,619.91,110.42,509.49,6,3.68,2.7132,1,OnePlus Smartphone X,OnePlus,1,Smartphones
45,224.16,9.9,41.4,0.75,56.04,447.23,92.52,354.71,6,3.06,6.3296,1,Xiaomi Smartphone Ultra,Xiaomi,1,Smartphones
46,1009.11,9.9,47.0,0.75,252.28,1084.46,221.14,863.32,6,3.35,3.4221,1,Apple Smartphone,Apple,1,Smartphones
47,740.67,9.9,36.1,0.75,185.17,331.76,61.87,269.89,2,1.45,1.4575,1,OnePlus Smartphone Pro,OnePlus,1,Smartphones
48,888.13,9.9,38.7,0.75,222.03,630.2,112.05,518.15,4,2.07,2.3337,1,Samsung Smartphone Lite,Samsung,1,Smartphones
49,223.89,9.9,54.4,0.75,55.97,366.36,63.42,302.94,4,2.3,5.4125,1,Apple Smartphone Ultra,Apple,1,Smartphones
50,414.28,9.9,10.7,0.45,227.85,112.28,17.02,95.26,1,0.69,0.4181,0,Samsung Smartphone Plus,Samsung,1,Smartphones
51,283.67,9.9,12.1,0.55,127.65,20.7,3.49,17.21,1,0.23,0.1348,0,OnePlus Smartphone Pro,OnePlus,1,Smartphones
52,481.82,9.9,17.0,0.55,216.82,381.58,80.5,301.08,4,2.07,1.3886,1,OnePlus Smartphone Lite,OnePlus,1,Smartphones
53,1556.11,9.9,16.6,0.55,700.25,1090.63,230.41,860.22,4,3.12,1.2284,1,Samsung Smartphone,Samsung,1,Smartphones
54,296.16,9.9,7.9,0.45,162.89,0.0,0.0,0.0,0,0.0,0.0,0,Apple Smartphone Pro,Apple,1,Smartphones
55,365.05,9.9,7.1,0.45,200.78,0.0,0.0,0.0,0,0.0,0.0,0,OnePlus Smartphone Max,OnePlus,1,Smartphones
56,206.47,9.9,6.1,0.45,113.56,0.0,0.0,0.0,0,0.0,0.0,0,Apple Smartphone Ultra,Apple,1,Smartphones
57,1536.85,9.9,9.2,0.45,845.27,0.0,0.0,0.0,0,0.0,0.0,0,OnePlus Smartphone Lite,OnePlus,1,Smartphones
58,1598.65,9.9,14.8,0.55,719.39,1282.73,228.86,1053.87,5,2.3,1.4649,1,Apple Smartphone Plus,Apple,1,Smartphones
59,351.66,9.9,8.4,0.45,193.41,0.0,0.0,0.0,0,0.0,0.0,0,OnePlus Smartphone Plus,OnePlus,1,Smartphones
60,508.12,9.9,8.9,0.45,279.47,0.0,0.0,0.0,0,0.0,0.0,0,OnePlus Smartphone Pro,OnePlus,1,Smartphones
61,1582.44,9.9,35.6,0.75,395.61,766.66,161.69,604.97,3,1.38,1.5292,1,Dell Laptop Ultra,Dell,2,Laptops
62,605.18,9.9,19.3,0.7,181.55,478.81,102.45,376.36,5,2.07,2.073,1,HP Laptop Ultra,HP,2,Laptops
63,1191.83,9.9,16.5,0.55,536.32,118.74,24.31,94.43,2,0.46,0.1761,0,Asus Laptop Plus,Asus,2,Laptops
64,673.89,9.9,17.5,0.55,303.25,412.9,82.57,330.33,3,1.84,1.0893,1,HP Laptop Max,HP,2,Laptops
65,1005.83,9.9,8.9,0.45,553.21,0.0,0.0,0.0,0,0.0,0.0,0,HP Laptop Ultra,HP,2,Laptops
66,815.9,9.9,17.6,0.55,367.15,671.96,126.44,545.52,4,2.37,1.4858,1,Lenovo Laptop Plus,Lenovo,2,Laptops
67,960.79,9.9,42.2,0.75,240.2,556.27,100.59,455.68,4,2.6,1.8971,1,HP Laptop Lite,HP,2,Laptops
68,1359.16,9.9,12.2,0.55,611.62,322.99,67.28,227.88,2,0.69,0.3726,0,Dell Laptop SE,Dell,2,Laptops
69,1325.68,9.9,27.4,0.75,331.42,1365.21,249.11,1116.1,6,3.06,3.3676,1,Lenovo Laptop X,Lenovo,2,Laptops
70,852.43,9.9,10.9,0.45,468.84,55.72,8.55,47.17,1,0.23,0.1006,0,Apple Laptop Pro,Apple,2,Laptops
71,767.16,9.9,15.9,0.55,345.22,461.03,94.86,366.17,4,1.84,1.0607,1,Lenovo Laptop Lite,Lenovo,2,Laptops
72,1082.23,9.9,19.9,0.7,324.67,686.08,124.71,561.37,5,2.6,1.729,1,Lenovo Laptop Plus,Lenovo,2,Laptops
73,965.17,9.9,12.0,0.45,530.84,302.42,62.48,239.94,2,0.92,0.452,0,Lenovo Laptop Max,Lenovo,2,Laptops
74,769.03,9.9,41.7,0.75,192.26,765.12,152.88,612.24,6,3.22,3.1844,1,Asus Laptop SE,Asus,2,Laptops
75,1258.7,9.9,48.3,0.75,314.68,1153.31,229.1,924.21,6,3.22,2.937,1,Apple Laptop Plus,Apple,2,Laptops
76,1184.75,9.9,32.1,0.75,296.19,582.79,124.33,458.46,5,2.07,1.5479,1,HP Laptop SE,HP,2,Laptops
77,683.19,9.9,29.0,0.75,170.8,584.53,107.48,477.05,5,2.3,2.793,1,HP Laptop Ultra,HP,2,Laptops
78,519.01,9.9,10.1,0.45,285.46,124.25,20.1,104.15,1,0.69,0.3648,0,Dell Laptop SE,Dell,2,Laptops
79,1716.95,9.9,19.1,0.7,515.09,498.84,97.13,401.71,2,0.92,0.7799,0,Lenovo Laptop SE,Lenovo,2,Laptops
80,2205.0,9.9,12.9,0.55,992.25,611.69,135.1,476.59,3,1.15,0.4803,0,Lenovo Laptop,Lenovo,2,Laptops
81,1859.68,9.9,10.9,0.45,1022.82,241.27,53.88,187.39,1,0.46,0.1832,0,Lenovo Laptop Pro,Lenovo,2,Laptops
82,1607.39,9.9,18.5,0.7,482.22,679.76,134.23,545.53,4,1.38,1.1313,1,Apple Laptop Lite,Apple,2,Laptops
83,995.74,9.9,23.2,0.7,298.72,302.41,55.04,247.37,1,0.99,0.8281,0,HP Laptop Lite,HP,2,Laptops
84,763.59,9.9,15.1,0.55,343.62,545.77,102.03,443.74,4,2.37,1.2914,1,HP Laptop SE,HP,2,Laptops
85,1845.0,9.9,33.5,0.75,461.25,170.25,28.7,141.55,1,0.23,0.3069,0,Dell Laptop Pro,Dell,2,Laptops
86,1028.5,9.9,18.0,0.55,462.82,923.26,175.69,747.57,5,2.83,1.6152,1,Asus Laptop X,Asus,2,Laptops
87,1748.8,9.9,8.8,0.45,961.84,0.0,0.0,0.0,0,0.0,0.0,0,HP Laptop Max,HP,2,Laptops
88,1031.0,9.9,11.1,0.45,567.05,109.45,14.32,95.13,1,0.46,0.1678,0,Asus Laptop,Asus,2,Laptops
89,761.64,9.9,8.6,0.45,418.9,0.0,0.0,0.0,0,0.0,0.0,0,Dell Laptop Pro,Dell,2,Laptops
90,1168.22,9.9,6.5,0.45,642.52,0.0,0.0,0.0,0,0.0,0.0,0,Apple Laptop Max,Apple,2,Laptops
91,751.25,9.9,20.3,0.7,225.38,752.71,152.67,600.04,6,3.68,2.6623,1,Apple Laptop X,Apple,2,Laptops
92,600.05,9.9,17.5,0.55,270.02,374.32,69.32,305.0,5,1.84,1.1295,1,HP Laptop Max,HP,2,Laptops
93,1616.55,9.9,30.6,0.75,404.14,1459.86,274.23,1185.63,5,2.99,2.9337,1,Lenovo Laptop Max,Lenovo,2,Laptops
94,1494.31,9.9,33.4,0.75,373.58,1301.34,264.42,1036.92,4,2.89,2.7756,1,Apple Laptop Lite,Apple,2,Laptops
95,1230.32,9.9,21.8,0.7,369.1,1054.69,199.57,855.12,6,2.83,2.3168,1,HP Laptop Ultra,HP,2,Laptops
96,1112.49,9.9,14.0,0.55,500.62,595.05,105.71,489.34,3,1.61,0.9775,0,HP Laptop Plus,HP,2,Laptops
97,1067.23,9.9,18.0,0.7,320.17,1387.34,270.51,1116.83,7,4.14,3.4882,1,Asus Laptop Lite,Asus,2,Laptops
98,1122.0,9.9,23.7,0.7,336.6,685.38,111.87,573.51,4,2.07,1.7038,1,Lenovo Laptop,Lenovo,2,Laptops
99,566.59,9.9,27.9,0.75,141.65,1036.87,164.34,872.53,6,4.43,6.1598,1,Apple Laptop SE,Apple,2,Laptops
100,716.68,9.9,7.1,0.45,394.17,0.0,0.0,0.0,0,0.0,0.0,0,Lenovo Laptop SE,Lenovo,2,Laptops
101,1248.17,9.9,59.0,0.75,312.04,1118.63,225.2,893.43,5,3.35,2.8632,1,Lenovo Laptop Plus,Lenovo,2,Laptops
102,929.71,9.9,16.9,0.55,418.37,877.67,170.48,707.19,6,2.99,1.6903,1,Lenovo Laptop SE,Lenovo,2,Laptops
103,1018.06,9.9,24.6,0.75,254.51,1059.47,204.41,855.06,6,2.99,3.3596,1,Dell Laptop Max,Dell,2,Laptops
104,1597.65,9.9,56.8,0.75,399.41,520.36,96.79,423.57,2,1.15,1.0605,1,Dell Laptop X,Dell,2,Laptops
105,1010.85,9.9,25.2,0.75,252.71,720.34,140.38,579.96,5,3.06,2.295,1,Dell Laptop,Dell,2,Laptops
106,1077.09,9.9,14.1,0.55,484.69,501.87,90.85,411.02,4,1.61,0.848,0,Asus Laptop Plus,Asus,2,Laptops
107,1166.09,9.9,28.4,0.75,291.52,823.93,150.87,673.06,5,2.07,2.3088,1,Apple Laptop Plus,Apple,2,Laptops
108,976.94,9.9,10.9,0.45,537.32,179.38,32.77,146.61,1,0.46,0.2729,0,Asus Laptop SE,Asus,2,Laptops
109,1606.04,9.9,7.7,0.45,883.32,0.0,0.0,0.0,0,0.0,0.0,0,Asus Laptop,Asus,2,Laptops
110,1097.54,9.9,42.0,0.75,274.38,415.4,73.49,341.91,4,1.38,1.2461,1,Asus Laptop Ultra,Asus,2,Laptops
111,522.54,9.9,9.1,0.45,287.4,0.0,0.0,0.0,0,0.0,0.0,0,HP Laptop Ultra,HP,2,Laptops
112,2005.25,9.9,44.2,0.75,501.31,2339.62,457.56,1882.06,7,3.68,3.7543,1,HP Laptop Ultra,HP,2,Laptops
113,1060.65,9.9,36.5,0.75,265.16,970.76,201.88,768.88,7,2.99,2.8997,1,Apple Laptop Lite,Apple,2,Laptops
114,2903.36,9.9,15.7,0.55,1306.51,1045.46,235.82,809.64,2,1.15,0.6197,0,Apple Laptop X,Apple,2,Laptops
115,1299.68,9.9,18.3,0.7,389.9,316.92,67.03,249.89,3,0.92,0.6409,0,Apple Laptop Ultra,Apple,2,Laptops
116,789.69,9.9,7.0,0.45,434.33,0.0,0.0,0.0,0,0.0,0.0,0,Samsung Tablet Ultra,Samsung,3,Tablets
117,369.0,9.9,35.1,0.75,92.25,392.27,83.47,308.8,5,2.14,3.3474,1,Lenovo Tablet Lite,Lenovo,3,Tablets
118,537.22,9.9,28.5,0.75,134.31,600.61,123.87,476.74,5,3.12,3.5495,1,Huawei Tablet X,Huawei,3,Tablets
119,280.51,9.9,49.5,0.75,70.13,244.47,52.46,192.01,4,1.61,2.7379,1,Lenovo Tablet Ultra,Lenovo,3,Tablets
120,420.58,9.9,16.5,0.55,189.26,121.32,24.6,96.72,2,0.69,0.511,0,Huawei Tablet SE,Huawei,3,Tablets
121,426.41,9.9,10.6,0.45,234.53,338.61,80.92,257.69,1,0.99,1.0988,1,Samsung Tablet Plus,Samsung,3,Tablets
122,152.68,9.9,9.5,0.45,83.97,0.0,0.0,0.0,0,0.0,0.0,0,Apple Tablet Pro,Apple,3,Tablets
123,914.54,9.9,43.0,0.75,228.63,1388.61,264.68,1123.93,7,4.53,4.9159,1,Apple Tablet Lite,Apple,3,Tablets
124,859.86,9.9,17.8,0.55,386.94,929.25,168.28,760.97,5,3.38,1.9666,1,Samsung Tablet Ultra,Samsung,3,Tablets
125,266.94,9.9,23.3,0.7,80.08,164.85,35.17,129.68,4,1.38,1.6194,1,Samsung Tablet Plus,Samsung,3,Tablets
126,689.78,9.9,29.6,0.75,172.44,587.68,106.08,481.6,4,2.92,2.7929,1,Apple Tablet SE,Apple,3,Tablets
127,706.24,9.9,25.3,0.75,176.56,641.24,144.07,497.17,5,2.86,2.8159,1,Apple Tablet Ultra,Apple,3,Tablets
128,377.93,9.9,9.1,0.45,207.86,0.0,0.0,0.0,0,0.0,0.0,0,Samsung Tablet X,Samsung,3,Tablets
129,277.68,9.9,18.2,0.7,83.3,408.91,77.51,331.4,6,3.84,3.9784,1,Huawei Tablet,Huawei,3,Tablets
130,281.79,9.9,8.1,0.45,154.98,0.0,0.0,0.0,0,0.0,0.0,0,Apple Tablet Ultra,Apple,3,Tablets
131,878.99,9.9,8.3,0.45,483.44,0.0,0.0,0.0,0,0.0,0.0,0,Lenovo Tablet X,Lenovo,3,Tablets
132,651.55,9.9,15.1,0.55,293.2,664.05,109.58,554.47,5,2.89,1.8911,1,Lenovo Tablet Plus,Lenovo,3,Tablets
133,301.92,9.9,28.6,0.75,75.48,546.33,102.61,443.72,6,4.11,5.8786,1,Lenovo Tablet Plus,Lenovo,3,Tablets
134,332.09,9.9,8.8,0.45,182.65,0.0,0.0,0.0,0,0.0,0.0,0,Huawei Tablet Plus,Huawei,3,Tablets
135,641.0,9.9,7.9,0.45,352.55,0.0,0.0,0.0,0,0.0,0.0,0,Apple Tablet SE,Apple,3,Tablets
136,243.14,9.9,37.5,0.75,60.78,720.46,122.94,597.52,5,4.14,9.8309,1,Huawei Tablet Lite,Huawei,3,Tablets
137,263.74,9.9,59.7,0.75,65.94,571.78,98.93,472.85,6,4.34,7.1709,1,Lenovo Tablet Ultra,Lenovo,3,Tablets
138,299.57,9.9,18.6,0.7,89.87,911.99,187.39,724.6,4,4.4,8.0628,1,Lenovo Tablet Lite,Lenovo,3,Tablets
139,162.36,9.9,8.1,0.45,89.3,0.0,0.0,0.0,0,0.0,0.0,0,Apple Tablet Lite,Apple,3,Tablets
140,382.26,9.9,9.6,0.45,210.24,0.0,0.0,0.0,0,0.0,0.0,0,Huawei Tablet Max,Huawei,3,Tablets
141,247.75,9.9,13.6,0.55,111.49,555.65,132.75,422.9,3,1.94,3.7932,1,Samsung Tablet Pro,Samsung,3,Tablets
142,553.43,9.9,8.3,0.45,304.39,0.0,0.0,0.0,0,0.0,0.0,0,Huawei Tablet SE,Huawei,3,Tablets
143,538.96,9.9,22.6,0.7,161.69,312.98,64.13,248.85,3,1.91,1.5391,1,Huawei Tablet Pro,Huawei,3,Tablets
144,237.3,9.9,26.4,0.75,59.33,407.28,77.45,329.83,4,2.14,5.5592,1,Lenovo Tablet,Lenovo,3,Tablets
145,208.87,9.9,16.8,0.55,93.99,573.86,103.28,470.58,4,2.86,5.0067,1,Apple Tablet SE,Apple,3,Tablets
146,331.48,9.9,24.1,0.75,82.87,577.04,106.44,470.6,5,3.65,5.6788,1,Huawei Tablet Lite,Huawei,3,Tablets
147,467.89,9.9,56.1,0.75,116.97,409.96,61.56,348.4,4,2.89,2.9785,1,Apple Tablet Max,Apple,3,Tablets
148,339.81,9.9,15.7,0.55,152.91,722.58,129.64,592.94,5,3.32,3.8777,1,Samsung Tablet Lite,Samsung,3,Tablets
149,245.46,9.9,11.8,0.45,135.0,236.42,46.03,190.39,2,2.46,1.4103,1,Huawei Tablet,Huawei,3,Tablets
150,272.22,9.9,37.3,0.75,68.06,376.09,71.31,304.78,5,2.89,4.4781,1,Huawei Tablet Max,Huawei,3,Tablets
151,457.92,9.9,11.5,0.45,251.86,63.04,14.63,48.41,1,0.46,0.1922,0,Lenovo Tablet X,Lenovo,3,Tablets
152,515.76,9.9,24.0,0.75,128.94,719.86,136.88,582.98,5,4.14,4.5213,1,Apple Tablet Ultra,Apple,3,Tablets
153,321.66,9.9,44.9,0.75,80.42,358.84,72.65,286.19,2,1.97,3.5587,1,Lenovo Tablet Plus,Lenovo,3,Tablets
154,205.66,9.9,11.8,0.45,113.11,72.66,14.69,57.97,1,0.46,0.5125,0,Apple Tablet Ultra,Apple,3,Tablets
155,446.0,9.9,6.6,0.45,245.3,0.0,0.0,0.0,0,0.0,0.0,0,Lenovo Tablet Plus,Lenovo,3,Tablets
201,710.82,9.9,22.4,0.65,248.79,112.54,20.47,92.07,1,0.46,0.3701,0,DJI Drone Ultra,DJI,5,Drones
202,1560.25,9.9,12.0,0.35,1014.16,470.48,107.79,362.69,2,0.92,0.3576,0,Parrot Drone Max,Parrot,5,Drones
203,440.07,9.9,29.6,0.72,123.22,555.04,106.79,448.25,5,2.83,3.6378,1,Autel Drone Lite,Autel,5,Drones
204,281.8,9.9,10.5,0.35,183.17,41.03,3.72,37.31,1,0.23,0.2037,0,Parrot Drone,Parrot,5,Drones
205,1253.15,9.9,11.2,0.35,814.55,106.57,18.45,88.12,1,0.23,0.1082,0,DJI Drone Pro,DJI,5,Drones
206,482.58,9.9,26.6,0.72,135.12,661.15,131.18,529.97,6,2.53,3.9222,1,Autel Drone Lite,Autel,5,Drones
207,745.57,9.9,41.8,0.72,208.76,1018.61,206.02,812.59,5,4.11,3.8925,1,DJI Drone Lite,DJI,5,Drones
208,429.08,9.9,47.1,0.72,120.14,244.19,38.13,206.06,4,1.61,1.7152,1,DJI Drone X,DJI,5,Drones
209,896.64,9.9,6.4,0.35,582.82,0.0,0.0,0.0,0,0.0,0.0,0,Parrot Drone X,Parrot,5,Drones
210,356.07,9.9,41.8,0.72,99.7,363.23,68.87,294.36,5,2.3,2.9525,1,DJI Drone Lite,DJI,5,Drones
211,1500.62,9.9,56.9,0.72,420.17,1277.96,276.59,1001.37,4,2.89,2.3832,1,DJI Drone Plus,DJI,5,Drones
212,550.09,9.9,22.6,0.65,192.53,527.13,106.57,420.56,5,2.76,2.1844,1,DJI Drone X,DJI,5,Drones
213,562.66,9.9,46.6,0.72,157.54,493.75,107.52,386.23,5,2.83,2.4516,1,Autel Drone Max,Autel,5,Drones
214,1116.62,9.9,33.6,0.72,312.65,316.77,75.4,241.37,2,0.92,0.772,0,Parrot Drone Pro,Parrot,5,Drones
215,1675.23,9.9,6.5,0.35,1088.9,0.0,0.0,0.0,0,0.0,0.0,0,DJI Drone Max,DJI,5,Drones
216,1490.55,9.9,29.5,0.72,417.35,1317.18,261.95,1055.23,5,3.29,2.5284,1,Autel Drone Pro,Autel,5,Drones
217,282.93,9.9,7.1,0.35,183.9,0.0,0.0,0.0,0,0.0,0.0,0,DJI Drone Max,DJI,5,Drones
218,619.02,9.9,15.7,0.45,340.46,448.06,88.8,359.26,5,2.3,1.0552,1,Autel Drone SE,Autel,5,Drones
219,365.39,9.9,57.0,0.72,102.31,231.17,40.72,190.45,3,1.84,1.8615,1,Parrot Drone Plus,Parrot,5,Drones
220,746.39,9.9,31.7,0.72,208.99,365.82,64.66,301.16,2,1.38,1.441,1,DJI Drone Pro,DJI,5,Drones
221,124.59,9.9,10.8,0.35,80.98,157.84,25.77,132.07,1,0.99,1.6309,1,JBL Audio,JBL,6,Audio
222,499.08,9.9,18.6,0.65,174.68,394.26,82.73,311.53,4,1.84,1.7834,1,Sennheiser Audio Plus,Sennheiser,6,Audio
223,173.64,9.9,12.0,0.35,112.87,569.35,91.92,477.43,2,1.94,4.2299,1,Sony Audio X,Sony,6,Audio
224,203.5,9.9,41.0,0.72,56.98,497.9,82.17,415.73,5,4.14,7.2961,1,JBL Audio SE,JBL,6,Audio
225,224.65,9.9,26.1,0.72,62.9,471.96,85.12,386.84,6,4.6,6.1501,1,Bose Audio,Bose,6,Audio
226,222.52,9.9,18.7,0.65,77.88,676.57,121.13,555.44,6,4.34,7.132,1,Sennheiser Audio Max,Sennheiser,6,Audio
227,57.65,9.9,15.2,0.45,31.71,396.27,85.52,310.75,5,2.6,9.7997,1,Sennheiser Audio SE,Sennheiser,6,Audio
228,229.17,9.9,17.1,0.45,126.04,372.85,64.1,308.75,4,2.89,2.4496,1,Sennheiser Audio X,Sennheiser,6,Audio
229,42.1,9.9,50.0,0.72,11.79,513.34,83.73,429.61,6,4.37,36.4385,1,Sony Audio Ultra,Sony,6,Audio
230,233.45,9.9,10.9,0.35,151.74,221.72,42.83,0.0,1,0.99,0.0,0,Sony Audio X,Sony,6,Audio
231,46.45,9.9,9.1,0.35,30.19,0.0,0.0,0.0,0,0.0,0.0,0,Bose Audio Pro,Bose,6,Audio
232,100.11,9.9,12.5,0.45,55.06,290.15,50.63,239.52,2,1.22,4.3502,1,Bose Audio,Bose,6,Audio
233,59.76,9.9,10.5,0.35,38.84,72.79,14.5,58.29,1,0.46,1.5008,1,Bose Audio Pro,Bose,6,Audio
234,124.37,9.9,37.1,0.72,34.82,1332.75,265.72,1067.03,7,7.13,30.6442,1,Sony Audio X,Sony,6,Audio
235,111.99,9.9,52.0,0.72,31.36,182.82,33.88,148.94,2,0.92,4.7494,1,JBL Audio X,JBL,6,Audio
236,98.47,9.9,10.5,0.35,64.01,78.83,10.57,68.26,1,0.46,1.0664,1,JBL Audio Lite,JBL,6,Audio
237,246.36,9.9,19.8,0.65,86.23,560.02,104.16,455.86,6,3.35,5.2866,1,JBL Audio Max,JBL,6,Audio
238,108.81,9.9,11.6,0.35,70.73,104.54,16.47,88.07,1,0.46,1.2452,1,Bose Audio Pro,Bose,6,Audio
239,183.01,9.9,24.6,0.72,51.24,665.14,136.63,528.51,5,3.12,10.3144,1,Bose Audio,Bose,6,Audio
240,128.1,9.9,14.3,0.45,70.45,41.42,7.51,33.91,1,0.99,0.4813,0,Bose Audio Ultra,Bose,6,Audio
241,60.69,9.9,32.0,0.72,16.99,306.3,53.75,252.55,3,1.68,14.8646,1,Sennheiser Audio,Sennheiser,6,Audio
242,309.7,9.9,12.2,0.45,170.34,148.88,26.8,122.08,2,1.45,0.7167,0,Bose Audio Pro,Bose,6,Audio
243,238.2,9.9,18.0,0.65,83.37,313.69,66.79,246.9,4,2.14,2.9615,1,Sony Audio Ultra,Sony,6,Audio
244,300.94,9.9,20.6,0.65,105.33,809.53,160.99,648.54,4,3.68,6.1572,1,Sennheiser Audio Pro,Sennheiser,6,Audio
245,171.48,9.9,8.8,0.35,111.46,0.0,0.0,0.0,0,0.0,0.0,0,Sennheiser Audio Plus,Sennheiser,6,Audio
246,319.23,9.9,11.2,0.35,207.5,26.27,4.82,21.45,1,0.23,0.1034,0,Sony Audio Lite,Sony,6,Audio
247,139.77,9.9,16.6,0.45,76.87,761.5,122.63,638.87,5,3.09,8.311,1,Sennheiser Audio Pro,Sennheiser,6,Audio
248,202.51,9.9,25.4,0.72,56.7,666.56,114.9,551.66,5,4.14,9.7295,1,JBL Audio Ultra,JBL,6,Audio
249,188.56,9.9,6.7,0.35,122.56,0.0,0.0,0.0,0,0.0,0.0,0,Sony Audio SE,Sony,6,Audio
250,212.33,9.9,30.4,0.72,59.45,697.45,144.34,553.11,7,5.35,9.3038,1,JBL Audio SE,JBL,6,Audio
251,227.67,9.9,21.9,0.65,79.68,581.43,115.8,465.63,4,3.91,5.8437,1,Bose Audio Pro,Bose,6,Audio
252,76.03,9.9,8.1,0.35,49.42,0.0,0.0,0.0,0,0.0,0.0,0,Sennheiser Audio,Sennheiser,6,Audio
253,247.28,9.9,22.5,0.65,86.55,363.93,71.29,292.64,4,2.4,3.3812,1,Sennheiser Audio,Sennheiser,6,Audio
254,306.79,9.9,10.3,0.35,199.41,184.28,33.01,151.27,1,0.99,0.7586,0,JBL Audio Ultra,JBL,6,Audio
255,57.01,9.9,44.3,0.72,15.96,976.01,167.34,808.67,7,5.29,50.6685,1,Sennheiser Audio Pro,Sennheiser,6,Audio
256,153.84,9.9,8.0,0.35,100.0,0.0,0.0,0.0,0,0.0,0.0,0,JBL Audio Ultra,JBL,6,Audio
257,232.39,9.9,19.4,0.65,81.34,280.66,55.79,224.87,3,1.68,2.7646,1,Sennheiser Audio Max,Sennheiser,6,Audio
258,323.05,9.9,7.5,0.35,209.98,0.0,0.0,0.0,0,0.0,0.0,0,Sony Audio SE,Sony,6,Audio
259,159.62,9.9,10.3,0.35,103.75,343.37,77.01,266.36,1,0.99,2.5673,1,Sennheiser Audio Pro,Sennheiser,6,Audio
260,159.16,9.9,20.4,0.65,55.71,330.33,68.01,262.32,3,2.92,4.7087,1,JBL Audio Max,JBL,6,Audio
261,463.07,9.9,16.9,0.45,254.69,977.07,152.55,824.52,5,4.4,3.2373,1,Sony Audio,Sony,6,Audio
262,463.92,9.9,23.2,0.65,162.37,644.25,109.86,534.39,5,4.34,3.2912,1,Sennheiser Audio X,Sennheiser,6,Audio
263,112.77,9.9,14.1,0.45,62.02,414.43,88.31,326.12,3,2.92,5.2583,1,Sony Audio Lite,Sony,6,Audio
264,220.6,9.9,13.3,0.45,121.33,670.84,103.48,567.36,3,2.2,4.6762,1,Sony Audio Max,Sony,6,Audio
265,211.34,9.9,29.8,0.72,59.18,163.43,29.55,133.88,5,1.38,2.2623,1,Sony Audio Ultra,Sony,6,Audio
266,216.67,9.9,16.4,0.45,119.17,427.4,90.95,336.45,6,3.81,2.8233,1,Bose Audio Max,Bose,6,Audio
267,125.93,9.9,32.7,0.72,35.26,437.52,91.78,345.74,3,2.96,9.8054,1,JBL Audio,JBL,6,Audio
268,120.72,9.9,57.4,0.72,33.8,562.3,92.55,469.75,4,3.15,13.8979,1,JBL Audio SE,JBL,6,Audio
269,393.01,9.9,20.5,0.65,137.55,743.42,143.06,600.36,5,3.32,4.3647,1,Sony Audio Pro,Sony,6,Audio
270,80.59,9.9,9.1,0.35,52.38,0.0,0.0,0.0,0,0.0,0.0,0,JBL Audio Max,JBL,6,Audio
271,278.92,9.9,19.1,0.65,97.62,223.83,47.6,176.23,3,1.15,1.8053,1,Razer Gaming X,Razer,7,Gaming
272,1110.6,9.9,52.4,0.72,310.97,213.95,39.93,174.02,2,0.92,0.5596,0,Nintendo Gaming Max,Nintendo,7,Gaming
273,605.98,9.9,31.4,0.72,169.67,150.88,28.82,122.06,3,0.92,0.7194,0,Nintendo Gaming Lite,Nintendo,7,Gaming
274,216.04,9.9,12.7,0.45,118.82,327.28,56.81,270.47,2,0.92,2.2763,1,Nintendo Gaming X,Nintendo,7,Gaming
275,403.04,9.9,13.0,0.45,221.67,115.45,21.9,93.55,3,0.92,0.422,0,Razer Gaming Max,Razer,7,Gaming
276,306.79,9.9,35.8,0.72,85.9,387.17,66.94,320.23,5,3.06,3.7279,1,Microsoft Gaming SE,Microsoft,7,Gaming
277,413.12,9.9,29.3,0.72,115.67,500.48,95.0,405.48,4,2.07,3.5055,1,Sony Gaming Max,Sony,7,Gaming
278,601.89,9.9,32.3,0.72,168.53,608.57,115.05,493.52,6,3.06,2.9284,1,Microsoft Gaming Max,Microsoft,7,Gaming
279,1128.78,9.9,9.4,0.35,733.71,0.0,0.0,0.0,0,0.0,0.0,0,Microsoft Gaming Ultra,Microsoft,7,Gaming
280,512.37,9.9,30.8,0.72,143.46,592.35,122.19,470.16,3,2.66,3.2773,1,Razer Gaming X,Razer,7,Gaming
281,205.09,9.9,16.4,0.45,112.8,406.74,75.18,331.56,6,2.53,2.9394,1,Microsoft Gaming Ultra,Microsoft,7,Gaming
282,509.38,9.9,24.1,0.72,142.63,738.71,130.4,608.31,6,3.75,4.265,1,Sony Gaming Lite,Sony,7,Gaming
283,408.26,9.9,12.5,0.45,224.54,124.69,27.05,97.64,2,0.69,0.4348,0,Microsoft Gaming Ultra,Microsoft,7,Gaming
284,351.24,9.9,20.5,0.65,122.93,343.34,53.34,290.0,3,1.68,2.3591,1,Sony Gaming Plus,Sony,7,Gaming
285,377.68,9.9,14.1,0.45,207.72,298.47,61.64,236.83,3,2.37,1.1401,1,Sony Gaming,Sony,7,Gaming
286,310.74,9.9,14.8,0.45,170.91,238.26,31.26,207.0,4,1.38,1.2112,1,Nintendo Gaming Lite,Nintendo,7,Gaming
287,238.92,9.9,43.9,0.72,66.9,535.19,112.09,423.1,4,2.6,6.3244,1,Razer Gaming Lite,Razer,7,Gaming
288,546.67,9.9,12.1,0.45,300.67,215.28,46.92,168.36,2,0.92,0.5599,0,Razer Gaming Plus,Razer,7,Gaming
289,460.39,9.9,23.5,0.65,161.14,278.49,60.34,108.47,4,1.15,0.6731,0,Nintendo Gaming Lite,Nintendo,7,Gaming
290,560.02,9.9,11.2,0.35,364.01,73.43,14.19,59.24,1,0.46,0.1627,0,Nintendo Gaming Lite,Nintendo,7,Gaming
291,375.42,9.9,11.1,0.35,244.02,74.26,17.1,57.16,1,0.46,0.2342,0,Razer Gaming SE,Razer,7,Gaming
292,485.74,9.9,26.8,0.72,136.01,364.32,59.45,304.87,4,2.3,2.2415,1,Nintendo Gaming Ultra,Nintendo,7,Gaming
293,659.67,9.9,9.6,0.35,428.79,0.0,0.0,0.0,0,0.0,0.0,0,Razer Gaming Lite,Razer,7,Gaming
294,370.79,9.9,13.8,0.45,203.93,247.95,53.3,194.65,4,2.07,0.9545,0,Razer Gaming,Razer,7,Gaming
295,553.13,9.9,12.9,0.45,304.22,140.65,26.64,85.19,3,0.69,0.28,0,Sony Gaming Max,Sony,7,Gaming
296,259.88,9.9,14.4,0.45,142.93,323.01,58.53,264.48,3,1.61,1.8504,1,Razer Gaming Ultra,Razer,7,Gaming
297,399.56,9.9,14.1,0.45,219.76,259.87,48.39,211.48,4,1.84,0.9623,0,Sony Gaming Lite,Sony,7,Gaming
298,597.56,9.9,7.0,0.35,388.41,0.0,0.0,0.0,0,0.0,0.0,0,Microsoft Gaming Lite,Microsoft,7,Gaming
299,281.51,9.9,23.2,0.65,98.53,259.52,46.38,213.14,3,1.38,2.1632,1,Razer Gaming X,Razer,7,Gaming
300,961.29,9.9,35.1,0.72,269.16,780.29,157.2,623.09,7,2.76,2.3149,1,Nintendo Gaming Plus,Nintendo,7,Gaming
301,214.58,9.9,20.5,0.65,75.1,315.97,63.3,252.67,4,2.07,3.3644,1,Razer Gaming Lite,Razer,7,Gaming
302,860.75,9.9,21.3,0.65,301.26,596.87,95.56,501.31,3,1.91,1.664,1,Sony Gaming Max,Sony,7,Gaming
303,594.35,9.9,25.3,0.72,166.42,391.83,70.42,321.41,5,2.07,1.9313,1,Microsoft Gaming SE,Microsoft,7,Gaming
304,472.58,9.9,7.1,0.35,307.18,0.0,0.0,0.0,0,0.0,0.0,0,Razer Gaming Lite,Razer,7,Gaming
305,355.07,9.9,30.0,0.72,99.42,306.67,46.1,260.57,4,1.84,2.6209,1,Microsoft Gaming Lite,Microsoft,7,Gaming
306,200.03,9.9,23.4,0.65,70.01,378.3,77.55,300.75,6,2.76,4.2958,1,Razer Gaming Max,Razer,7,Gaming
307,701.91,9.9,27.1,0.72,196.53,294.65,58.89,235.76,3,1.38,1.1996,1,Sony Gaming Ultra,Sony,7,Gaming
308,357.79,9.9,9.4,0.35,232.56,0.0,0.0,0.0,0,0.0,0.0,0,Sony Gaming Max,Sony,7,Gaming
309,337.4,9.9,19.3,0.65,118.09,47.39,7.66,39.73,2,0.46,0.3364,0,Microsoft Gaming Lite,Microsoft,7,Gaming
310,689.81,9.9,6.3,0.35,448.38,0.0,0.0,0.0,0,0.0,0.0,0,Nintendo Gaming Pro,Nintendo,7,Gaming
311,593.24,9.9,43.7,0.72,166.11,489.72,101.88,387.84,4,2.66,2.3348,1,Sony Gaming Ultra,Sony,7,Gaming
312,510.94,9.9,38.8,0.72,143.06,470.51,88.26,382.25,5,2.3,2.672,1,Microsoft Gaming X,Microsoft,7,Gaming
313,331.47,9.9,13.4,0.45,182.31,170.09,34.47,135.62,3,1.15,0.7439,0,Sony Gaming X,Sony,7,Gaming
314,621.58,9.9,28.3,0.72,174.04,653.95,113.99,539.96,6,2.83,3.1025,1,Sony Gaming SE,Sony,7,Gaming
315,843.7,9.9,23.3,0.65,295.3,597.7,109.39,488.31,5,2.3,1.6536,1,Razer Gaming Lite,Razer,7,Gaming
316,802.41,9.9,58.5,0.72,224.67,630.68,133.41,497.27,5,2.6,2.2133,1,Nikon Camera Ultra,Nikon,8,Cameras
317,957.08,9.9,54.4,0.72,267.98,787.09,143.54,643.55,6,2.76,2.4015,1,Nikon Camera Pro,Nikon,8,Cameras
318,1721.3,9.9,11.3,0.35,1118.85,120.01,17.83,102.18,1,0.23,0.0913,0,Canon Camera Plus,Canon,8,Cameras
319,379.67,9.9,56.5,0.72,106.31,184.03,22.18,161.85,3,1.15,1.5224,1,Fujifilm Camera Pro,Fujifilm,8,Cameras
320,493.94,9.9,7.0,0.35,321.06,0.0,0.0,0.0,0,0.0,0.0,0,Canon Camera,Canon,8,Cameras
321,1658.0,9.9,20.4,0.65,580.3,1616.5,355.82,1260.68,6,3.52,2.1725,1,Sony Camera SE,Sony,8,Cameras
322,3896.9,9.9,6.1,0.35,2532.99,0.0,0.0,0.0,0,0.0,0.0,0,Nikon Camera Ultra,Nikon,8,Cameras
323,735.23,9.9,34.3,0.72,205.86,414.84,85.26,329.58,4,1.61,1.601,1,Canon Camera Ultra,Canon,8,Cameras
324,832.9,9.9,20.9,0.65,291.51,667.44,148.16,519.28,6,2.83,1.7813,1,Canon Camera Lite,Canon,8,Cameras
325,1134.08,9.9,11.6,0.35,737.15,79.05,15.22,63.83,1,0.23,0.0866,0,Nikon Camera Pro,Nikon,8,Cameras
326,450.18,9.9,23.1,0.65,157.56,282.67,52.63,230.04,3,2.14,1.46,1,Nikon Camera Max,Nikon,8,Cameras
327,859.69,9.9,46.0,0.72,240.71,628.56,108.47,520.09,5,2.83,2.1606,1,Sony Camera SE,Sony,8,Cameras
328,2053.78,9.9,24.5,0.72,575.06,628.95,132.44,496.51,4,0.92,0.8634,0,Fujifilm Camera SE,Fujifilm,8,Cameras
329,1188.69,9.9,20.9,0.65,416.04,714.45,142.43,572.02,4,2.83,1.3749,1,Sony Camera Max,Sony,8,Cameras
330,537.78,9.9,6.4,0.35,349.56,0.0,0.0,0.0,0,0.0,0.0,0,Sony Camera Ultra,Sony,8,Cameras
331,1361.67,9.9,15.4,0.45,748.92,1411.39,244.34,1167.05,5,3.12,1.5583,1,Sony Camera Pro,Sony,8,Cameras
332,1698.9,9.9,59.9,0.72,475.69,1164.83,252.16,912.67,5,2.3,1.9186,1,Canon Camera SE,Canon,8,Cameras
333,733.25,9.9,13.8,0.45,403.29,357.12,71.06,286.06,3,1.38,0.7093,0,Canon Camera Ultra,Canon,8,Cameras
334,671.1,9.9,31.2,0.72,187.91,310.62,46.41,264.21,3,1.84,1.406,1,Sony Camera Plus,Sony,8,Cameras
335,1571.72,9.9,14.9,0.45,864.45,914.35,153.12,761.23,3,1.91,0.8806,0,Nikon Camera X,Nikon,8,Cameras
336,993.98,9.9,33.7,0.72,278.31,568.43,107.34,461.09,4,2.07,1.6567,1,Canon Camera SE,Canon,8,Cameras
337,311.68,9.9,45.9,0.72,87.27,91.55,20.74,70.81,2,0.92,0.8114,0,Canon Camera SE,Canon,8,Cameras
338,910.02,9.9,10.3,0.35,591.51,137.33,33.06,104.27,1,0.46,0.1763,0,Fujifilm Camera Lite,Fujifilm,8,Cameras
339,1619.45,9.9,9.2,0.35,1052.64,0.0,0.0,0.0,0,0.0,0.0,0,Canon Camera,Canon,8,Cameras
340,1407.08,9.9,47.1,0.72,393.98,1357.99,249.28,1108.71,6,2.99,2.8141,1,Sony Camera Ultra,Sony,8,Cameras
341,2035.83,9.9,15.7,0.45,1119.71,630.74,118.77,511.97,2,1.45,0.4572,0,Sony Camera Plus,Sony,8,Cameras
342,427.57,9.9,46.5,0.72,119.72,193.64,34.25,159.39,2,1.45,1.3314,1,Nikon Camera Pro,Nikon,8,Cameras
343,632.78,9.9,10.7,0.35,411.31,195.98,28.89,167.09,1,0.69,0.4062,0,Sony Camera,Sony,8,Cameras
344,2603.73,9.9,15.1,0.45,1432.05,1803.14,323.35,1479.79,4,1.84,1.0333,1,Canon Camera X,Canon,8,Cameras
345,513.79,9.9,10.9,0.35,333.96,156.82,30.41,126.41,1,0.46,0.3785,0,Nikon Camera SE,Nikon,8,Cameras
346,954.38,9.9,23.1,0.65,334.03,455.22,81.5,373.72,4,1.61,1.1188,1,Sony Camera Plus,Sony,8,Cameras
347,1783.77,9.9,11.8,0.35,1159.45,142.54,30.43,112.11,1,0.23,0.0967,0,Fujifilm Camera Lite,Fujifilm,8,Cameras
348,454.16,9.9,19.6,0.65,158.96,220.93,40.17,64.12,2,1.15,0.4034,0,Canon Camera Lite,Canon,8,Cameras
349,877.03,9.9,7.9,0.35,570.07,0.0,0.0,0.0,0,0.0,0.0,0,Canon Camera Plus,Canon,8,Cameras
350,400.68,9.9,6.9,0.35,260.44,0.0,0.0,0.0,0,0.0,0.0,0,Sony Camera Pro,Sony,8,Cameras
351,2294.76,9.9,22.0,0.55,1032.64,5527.48,1079.3,4448.18,6,7.39,4.3076,1,LG TV Pro,LG,9,TVs
352,425.92,9.9,9.4,0.25,319.44,0.0,0.0,0.0,0,0.0,0.0,0,Philips TV,Philips,9,TVs
353,886.81,9.9,41.9,0.65,310.38,2452.84,427.01,2025.83,7,9.33,6.5269,1,Samsung TV,Samsung,9,TVs
354,552.69,9.9,11.1,0.25,414.52,71.43,15.33,56.1,1,0.46,0.1353,0,Philips TV SE,Philips,9,TVs
355,1457.68,9.9,28.5,0.65,510.19,1688.85,321.41,1367.44,4,3.88,2.6803,1,Sony TV Ultra,Sony,9,TVs
356,387.21,9.9,32.3,0.65,135.52,1317.43,281.62,1035.81,5,5.39,7.6432,1,Sony TV SE,Sony,9,TVs
357,1183.17,9.9,38.6,0.65,414.11,2087.74,425.16,1662.58,6,5.32,4.0148,1,Sony TV Max,Sony,9,TVs
358,877.78,9.9,15.9,0.35,570.56,986.69,202.19,784.5,5,4.37,1.375,1,Sony TV Lite,Sony,9,TVs
359,970.96,9.9,32.7,0.65,339.84,1410.29,274.35,1135.94,5,5.88,3.3426,1,LG TV Max,LG,9,TVs
360,1758.62,9.9,15.1,0.35,1143.1,1454.04,278.48,1175.56,3,3.94,1.0284,1,LG TV SE,LG,9,TVs
361,605.71,9.9,30.2,0.65,212.0,794.93,159.68,492.69,4,5.42,2.324,1,LG TV Max,LG,9,TVs
362,268.9,9.9,10.2,0.25,201.67,325.51,51.56,273.95,1,1.97,1.3584,1,LG TV SE,LG,9,TVs
363,606.96,9.9,48.4,0.65,212.44,1620.21,282.97,1337.24,5,8.38,6.2947,1,Samsung TV,Samsung,9,TVs
364,739.07,9.9,6.4,0.25,554.3,0.0,0.0,0.0,0,0.0,0.0,0,LG TV Pro,LG,9,TVs
365,1518.1,9.9,28.9,0.65,531.33,939.33,187.02,752.31,3,3.42,1.4159,1,Philips TV Pro,Philips,9,TVs
366,680.1,9.9,9.6,0.25,510.08,0.0,0.0,0.0,0,0.0,0.0,0,Samsung TV Max,Samsung,9,TVs
367,1742.65,9.9,54.8,0.65,609.93,3147.44,630.73,2516.71,5,6.41,4.1262,1,Sony TV Pro,Sony,9,TVs
368,789.38,9.9,52.9,0.65,276.28,1606.79,296.53,1310.26,6,6.31,4.7425,1,Samsung TV Ultra,Samsung,9,TVs
369,963.97,9.9,25.5,0.65,337.39,1998.91,378.71,1620.2,6,7.36,4.8022,1,Samsung TV Ultra,Samsung,9,TVs
370,793.09,9.9,15.9,0.35,515.51,734.59,137.98,596.61,3,3.45,1.1573,1,LG TV Max,LG,9,TVs
371,1476.09,9.9,8.8,0.25,1107.07,0.0,0.0,0.0,0,0.0,0.0,0,Samsung TV Lite,Samsung,9,TVs
372,342.78,9.9,8.5,0.25,257.08,0.0,0.0,0.0,0,0.0,0.0,0,Samsung TV Lite,Samsung,9,TVs
373,1366.52,9.9,9.3,0.25,1024.89,0.0,0.0,0.0,0,0.0,0.0,0,Philips TV Max,Philips,9,TVs
374,874.51,9.9,38.1,0.65,306.08,1672.68,328.73,1343.95,5,6.37,4.3908,1,LG TV,LG,9,TVs
375,701.05,9.9,42.1,0.65,245.37,1303.3,203.14,1100.16,5,4.89,4.4837,1,LG TV Pro,LG,9,TVs
376,267.62,9.9,28.0,0.65,93.67,1073.11,218.31,854.8,6,6.34,9.1257,1,Sony TV Ultra,Sony,9,TVs
377,322.3,9.9,33.0,0.65,112.8,1320.31,235.93,1084.38,4,6.9,9.6133,1,Samsung TV X,Samsung,9,TVs
378,1115.46,9.9,6.3,0.25,836.6,0.0,0.0,0.0,0,0.0,0.0,0,Philips TV Max,Philips,9,TVs
379,2826.85,9.9,43.3,0.65,989.4,6306.29,1108.05,5198.24,6,6.83,5.2539,1,LG TV Pro,LG,9,TVs
380,1501.13,9.9,9.4,0.25,1125.85,0.0,0.0,0.0,0,0.0,0.0,0,LG TV Pro,LG,9,TVs
381,423.49,9.9,34.6,0.65,148.22,986.36,202.19,784.17,5,5.88,5.2906,1,LG TV Max,LG,9,TVs
382,291.44,9.9,10.6,0.25,218.58,236.37,51.0,185.37,1,1.48,0.8481,0,LG TV Lite,LG,9,TVs
383,743.1,9.9,35.3,0.65,260.08,1667.52,310.75,1356.77,7,6.34,5.2167,1,Sony TV Max,Sony,9,TVs
384,666.31,9.9,17.5,0.35,433.1,935.57,168.69,766.88,4,4.89,1.7707,1,LG TV,LG,9,TVs
385,664.78,9.9,8.2,0.25,498.58,0.0,0.0,0.0,0,0.0,0.0,0,Samsung TV X,Samsung,9,TVs
386,423.02,9.9,31.3,0.65,148.06,1292.45,244.81,1047.64,6,8.38,7.0758,1,Samsung TV Ultra,Samsung,9,TVs
387,507.25,9.9,11.6,0.25,380.44,151.23,35.68,115.55,1,0.99,0.3037,0,Samsung TV Ultra,Samsung,9,TVs
388,430.86,9.9,14.0,0.35,280.06,805.26,158.38,646.88,2,3.45,2.3098,1,Samsung TV Max,Samsung,9,TVs
389,816.62,9.9,21.8,0.55,367.48,1346.85,216.62,1130.23,4,4.89,3.0756,1,LG TV Pro,LG,9,TVs
390,266.74,9.9,9.7,0.25,200.06,0.0,0.0,0.0,0,0.0,0.0,0,Samsung TV,Samsung,9,TVs
391,133.34,9.9,14.4,0.35,86.67,840.43,134.77,705.66,3,2.92,8.1419,1,Philips Appliance Ultra,Philips,10,Appliances
392,69.57,9.9,15.3,0.35,45.22,806.09,146.57,659.52,4,4.43,14.5847,1,Bosch Appliance Lite,Bosch,10,Appliances
393,92.93,9.9,23.9,0.55,41.82,1328.43,245.89,1082.54,6,7.88,25.8857,1,Philips Appliance,Philips,10,Appliances
394,260.75,9.9,7.2,0.25,195.56,0.0,0.0,0.0,0,0.0,0.0,0,Bosch Appliance SE,Bosch,10,Appliances
395,253.61,9.9,33.6,0.65,88.76,620.89,124.72,496.17,5,5.35,5.59,1,Dyson Appliance,Dyson,10,Appliances
396,280.04,9.9,16.4,0.35,182.03,688.82,131.64,557.18,4,5.88,3.0609,1,Bosch Appliance SE,Bosch,10,Appliances
397,56.18,9.9,33.1,0.65,19.66,1213.9,216.12,681.85,5,6.41,34.6821,1,Tefal Appliance Plus,Tefal,10,Appliances
398,95.69,9.9,14.2,0.35,62.2,670.07,123.99,353.31,3,3.91,5.6802,1,Bosch Appliance Max,Bosch,10,Appliances
399,167.53,9.9,8.2,0.25,125.65,0.0,0.0,0.0,0,0.0,0.0,0,Tefal Appliance X,Tefal,10,Appliances
400,167.63,9.9,14.2,0.35,108.96,524.71,95.56,429.15,3,2.96,3.9386,1,Tefal Appliance,Tefal,10,Appliances
401,95.92,9.9,18.8,0.55,43.16,892.49,187.29,705.2,5,4.86,16.3392,1,Tefal Appliance Max,Tefal,10,Appliances
402,744.06,9.9,13.2,0.35,483.64,587.27,134.85,452.42,2,1.94,0.9354,0,Tefal Appliance X,Tefal,10,Appliances
403,86.14,9.9,46.8,0.65,30.15,585.75,117.0,468.75,2,3.94,15.5473,1,Bosch Appliance Ultra,Bosch,10,Appliances
404,72.9,9.9,35.7,0.65,25.52,763.83,144.42,619.41,5,4.89,24.2716,1,Philips Appliance X,Philips,10,Appliances
405,92.35,9.9,35.8,0.65,32.32,1345.55,250.31,1095.24,6,7.85,33.8874,1,Tefal Appliance SE,Tefal,10,Appliances
406,221.41,9.9,13.6,0.35,143.92,1057.37,162.68,894.69,3,4.43,6.2166,1,Bosch Appliance Ultra,Bosch,10,Appliances
407,199.61,9.9,9.7,0.25,149.71,0.0,0.0,0.0,0,0.0,0.0,0,Tefal Appliance Ultra,Tefal,10,Appliances
408,158.09,9.9,6.2,0.25,118.57,0.0,0.0,0.0,0,0.0,0.0,0,Tefal Appliance Max,Tefal,10,Appliances
409,129.6,9.9,15.9,0.35,84.24,538.97,103.5,435.47,4,4.37,5.1694,1,Philips Appliance Ultra,Philips,10,Appliances
410,245.48,9.9,20.7,0.55,110.47,376.53,75.12,301.41,3,2.92,2.7284,1,Philips Appliance Pro,Philips,10,Appliances
411,96.41,9.9,16.0,0.35,62.67,847.12,132.96,714.16,3,3.91,11.3956,1,Tefal Appliance Plus,Tefal,10,Appliances
412,270.87,9.9,6.3,0.25,203.15,0.0,0.0,0.0,0,0.0,0.0,0,Philips Appliance SE,Philips,10,Appliances
413,85.81,9.9,24.9,0.65,30.03,668.36,116.01,552.35,4,3.94,18.3933,1,Tefal Appliance Ultra,Tefal,10,Appliances
414,135.22,9.9,13.4,0.35,87.89,125.46,30.16,95.3,2,2.46,1.0843,1,Tefal Appliance Max,Tefal,10,Appliances
415,743.05,9.9,27.1,0.65,260.07,1322.02,232.9,1089.12,4,5.42,4.1878,1,Philips Appliance Ultra,Philips,10,Appliances
416,295.21,9.9,13.8,0.35,191.89,454.89,92.35,362.54,2,1.97,1.8893,1,Bosch Appliance Max,Bosch,10,Appliances
417,708.49,9.9,6.4,0.25,531.37,0.0,0.0,0.0,0,0.0,0.0,0,Bosch Appliance Lite,Bosch,10,Appliances
418,168.34,9.9,46.0,0.65,58.92,1185.46,225.96,959.5,6,7.85,16.2848,1,Dyson Appliance SE,Dyson,10,Appliances
419,519.87,9.9,26.4,0.65,181.95,402.71,69.97,332.74,4,2.86,1.8287,1,Bosch Appliance,Bosch,10,Appliances
420,241.32,9.9,45.5,0.65,84.46,897.86,171.26,726.6,4,5.39,8.6029,1,Bosch Appliance SE,Bosch,10,Appliances
421,377.46,9.9,42.2,0.65,132.11,1138.5,233.38,905.12,6,5.85,6.8513,1,Tefal Appliance Max,Tefal,10,Appliances
422,145.93,9.9,20.7,0.55,65.67,1502.44,272.51,1229.93,7,8.34,18.7289,1,Bosch Appliance Lite,Bosch,10,Appliances
423,105.79,9.9,43.0,0.65,37.03,850.31,160.33,689.98,4,4.4,18.633,1,Tefal Appliance Plus,Tefal,10,Appliances
424,456.94,9.9,13.9,0.35,297.01,828.37,146.86,681.51,2,2.96,2.2946,1,Dyson Appliance,Dyson,10,Appliances
425,79.15,9.9,9.1,0.25,59.36,0.0,0.0,0.0,0,0.0,0.0,0,Philips Appliance Pro,Philips,10,Appliances
661,267.91,9.9,30.1,0.65,93.77,601.31,119.82,481.49,5,3.81,5.1348,1,Gibson Musical Instrument Pro,Gibson,15,Musical Instruments
662,354.28,9.9,22.0,0.55,159.43,235.19,46.53,188.66,4,2.3,1.1833,1,Roland Musical Instrument Max,Roland,15,Musical Instruments
663,702.57,9.9,14.0,0.35,456.67,243.16,46.42,196.74,4,1.38,0.4308,0,Fender Musical Instrument Lite,Fender,15,Musical Instruments
664,227.25,9.9,20.4,0.55,102.26,212.52,40.5,172.02,3,1.84,1.6822,1,Fender Musical Instrument Ultra,Fender,15,Musical Instruments
665,97.73,9.9,25.5,0.65,34.21,379.47,75.56,303.91,4,1.84,8.8837,1,Roland Musical Instrument X,Roland,15,Musical Instruments
666,1163.45,9.9,46.6,0.65,407.21,577.97,115.36,462.61,4,1.61,1.136,1,Roland Musical Instrument Plus,Roland,15,Musical Instruments
667,145.46,9.9,8.4,0.25,109.09,0.0,0.0,0.0,0,0.0,0.0,0,Roland Musical Instrument Pro,Roland,15,Musical Instruments
668,154.25,9.9,14.5,0.35,100.26,156.96,30.8,126.16,4,1.61,1.2583,1,Casio Musical Instrument SE,Casio,15,Musical Instruments
669,117.91,9.9,19.8,0.55,53.06,471.07,93.38,377.69,5,3.29,7.1182,1,Roland Musical Instrument Ultra,Roland,15,Musical Instruments
670,995.22,9.9,43.6,0.65,348.33,650.34,128.87,521.47,5,2.6,1.4971,1,Fender Musical Instrument Max,Fender,15,Musical Instruments
671,152.57,9.9,12.9,0.35,99.17,411.5,64.44,347.06,2,1.15,3.4996,1,Casio Musical Instrument Pro,Casio,15,Musical Instruments
672,2492.72,9.9,7.6,0.25,1869.54,0.0,0.0,0.0,0,0.0,0.0,0,Fender Musical Instrument Max,Fender,15,Musical Instruments
673,483.43,9.9,47.8,0.65,169.2,324.43,65.43,259.0,4,1.61,1.5307,1,Casio Musical Instrument,Casio,15,Musical Instruments
674,1263.14,9.9,17.1,0.35,821.04,616.34,127.67,488.67,4,2.07,0.5952,0,Yamaha Musical Instrument Ultra,Yamaha,15,Musical Instruments
675,366.87,9.9,28.4,0.65,128.4,594.66,115.57,479.09,5,2.83,3.7312,1,Fender Musical Instrument Pro,Fender,15,Musical Instruments
676,513.59,9.9,6.8,0.25,385.19,0.0,0.0,0.0,0,0.0,0.0,0,Casio Musical Instrument Max,Casio,15,Musical Instruments
677,293.7,9.9,22.7,0.55,132.16,212.04,44.33,167.71,4,2.07,1.269,1,Roland Musical Instrument,Roland,15,Musical Instruments
678,222.53,9.9,7.9,0.25,166.9,0.0,0.0,0.0,0,0.0,0.0,0,Fender Musical Instrument Lite,Fender,15,Musical Instruments
679,357.03,9.9,8.3,0.25,267.77,0.0,0.0,0.0,0,0.0,0.0,0,Yamaha Musical Instrument Max,Yamaha,15,Musical Instruments
680,521.91,9.9,40.0,0.65,182.67,521.34,97.92,423.42,5,3.29,2.318,1,Fender Musical Instrument SE,Fender,15,Musical Instruments
681,1949.91,9.9,54.8,0.65,682.47,1987.37,396.2,1591.17,5,3.58,2.3315,1,Roland Musical Instrument,Roland,15,Musical Instruments
682,790.54,9.9,26.9,0.65,276.69,600.93,111.62,489.31,6,2.53,1.7684,1,Gibson Musical Instrument SE,Gibson,15,Musical Instruments
683,331.51,9.9,27.8,0.65,116.03,459.67,69.33,390.34,6,2.3,3.3641,1,Roland Musical Instrument SE,Roland,15,Musical Instruments
684,1938.37,9.9,31.7,0.65,678.43,1878.37,357.59,1520.78,4,3.35,2.2416,1,Roland Musical Instrument Lite,Roland,15,Musical Instruments
685,693.13,9.9,13.1,0.35,450.53,288.56,55.42,233.14,3,0.92,0.5175,0,Gibson Musical Instrument X,Gibson,15,Musical Instruments
686,282.56,9.9,34.7,0.65,98.9,272.5,50.74,221.76,5,2.6,2.2423,1,Fender Musical Instrument Ultra,Fender,15,Musical Instruments
687,189.38,9.9,34.8,0.65,66.28,274.04,47.18,226.86,4,1.84,3.4228,1,Yamaha Musical Instrument Plus,Yamaha,15,Musical Instruments
688,470.06,9.9,35.5,0.65,164.52,542.11,100.62,441.49,5,3.12,2.6835,1,Casio Musical Instrument Pro,Casio,15,Musical Instruments
689,1492.46,9.9,27.7,0.65,522.36,1183.49,217.15,966.34,5,2.3,1.85,1,Roland Musical Instrument Pro,Roland,15,Musical Instruments
690,470.72,9.9,18.8,0.55,211.82,421.3,79.48,341.82,4,2.6,1.6137,1,Roland Musical Instrument X,Roland,15,Musical Instruments
