customer_id,first_name,last_name,city,country,customer_segment,registration_date
1,Carlos,López,Évora,PT,professional,2021-02-07
2,Filipa,Jesus,Barcelona,ES,professional,2021-04-01
3,Rui,López,Faro,PT,business,2021-04-08
4,Pedro,Sánchez,Faro,PT,business,2022-07-21
5,Ricardo,Costa,Lisboa,PT,business,2021-01-29
6,Inês,Santos,Faro,PT,student,2022-01-21
7,Tiago,González,Barcelona,ES,professional,2021-12-31
8,Marta,Oliveira,Málaga,ES,student,2021-06-10
9,Beatriz,Sánchez,Valencia,ES,casual,2022-01-21
10,Filipa,Martins,Leiria,PT,business,2021-04-05
11,André,Costa,Faro,PT,professional,2021-11-21
12,Diego,Sánchez,Bilbao,ES,professional,2022-12-09
13,Diego,Ferreira,Bilbao,ES,casual,2022-09-19
14,Filipa,Fernández,Lisboa,PT,casual,2021-07-23
15,Inês,González,Faro,PT,casual,2021-06-12
16,Sara,Fernández,Lisboa,PT,professional,2022-08-23
17,Ana,Jesus,Faro,PT,professional,2021-07-06
18,Nuno,García,Leiria,PT,student,2021-03-12
19,Isabel,González,Leiria,PT,professional,2021-12-09
20,André,Oliveira,Lisboa,PT,casual,2022-11-11
21,Elena,López,Barcelona,ES,business,2022-08-20
22,Nuno,González,Lisboa,PT,student,2021-08-19
23,Fernando,Martins,Évora,PT,professional,2022-06-07
24,Diego,Sousa,Málaga,ES,professional,2022-06-22
25,Ricardo,Silva,Zaragoza,ES,business,2022-10-03
26,Marco,González,Setúbal,PT,casual,2021-07-05
27,Sara,Jesus,Funchal,PT,student,2022-09-08
28,Marta,Pereira,Sevilla,ES,student,2022-03-02
29,Beatriz,Martins,Faro,PT,student,2022-11-23
30,Ana,Jesus,Funchal,PT,professional,2022-08-22
31,Isabel,Ferreira,Madrid,ES,business,2022-12-07
32,Sofia,Sousa,Évora,PT,business,2022-06-26
33,Pedro,Jesus,Funchal,PT,casual,2022-05-22
34,Filipa,Jesus,Málaga,ES,professional,2022-04-04
35,Elena,Santos,Barcelona,ES,business,2021-08-24
36,Sofia,Pereira,Bilbao,ES,casual,2021-02-11
37,Carmen,Silva,Setúbal,PT,student,2021-01-14
38,Catarina,Rodrigues,Aveiro,PT,student,2021-05-02
39,Ana,Martins,Leiria,PT,casual,2022-10-30
40,Marta,Fernández,Lisboa,PT,professional,2022-10-28
41,Pedro,Fernández,Madrid,ES,casual,2022-02-23
42,Maria,López,Leiria,PT,student,2021-11-24
43,Sara,Rodrigues,Bilbao,ES,professional,2022-10-24
44,Diego,Silva,Zaragoza,ES,casual,2021-07-13
45,João,Pereira,Porto,PT,business,2022-03-24
46,Rafael,Martins,Braga,PT,professional,2022-01-16
47,Rosa,Sánchez,Leiria,PT,professional,2021-04-16
48,Pablo,Fernández,Coimbra,PT,casual,2021-11-06
49,Filipa,Costa,Porto,PT,professional,2021-03-05
50,Elena,Pereira,Alicante,ES,student,2022-01-28
51,Diego,Costa,Lisboa,PT,casual,2021-03-17
52,Catarina,Silva,Setúbal,PT,student,2022-08-31
53,Ana,Ferreira,Leiria,PT,business,2021-12-07
54,Diogo,Jesus,Braga,PT,casual,2022-08-06
55,Isabel,Rodrigues,Málaga,ES,professional,2021-11-24
56,Tiago,Sánchez,Leiria,PT,casual,2022-07-11
57,Rui,Silva,Sevilla,ES,student,2021-06-24
58,Isabel,Santos,Funchal,PT,professional,2022-10-28
59,Isabel,Pereira,Barcelona,ES,professional,2021-01-21
60,Carlos,Martínez,Braga,PT,professional,2022-10-18
61,Fernando,Sousa,Porto,PT,casual,2021-03-20
62,Rosa,Oliveira,Coimbra,PT,professional,2021-01-06
63,Ricardo,García,Barcelona,ES,casual,2021-06-22
64,Beatriz,Sousa,Lisboa,PT,professional,2022-12-15
65,Maria,Sousa,Funchal,PT,professional,2021-07-18
66,Maria,Martínez,Coimbra,PT,professional,2021-10-19
67,Lucia,Rodrigues,Funchal,PT,student,2022-12-21
68,Luísa,González,Porto,PT,student,2022-04-26
69,Tiago,García,Leiria,PT,business,2021-12-19
70,Sofia,Martínez,Évora,PT,student,2021-09-21
71,Maria,Sousa,Funchal,PT,casual,2021-08-07
72,Diego,Silva,Leiria,PT,casual,2022-08-05
73,Pedro,Sousa,Barcelona,ES,student,2021-07-01
74,Marco,Costa,Porto,PT,professional,2021-01-13
75,Pedro,Jesus,Funchal,PT,student,2022-03-31
76,Carlos,González,Alicante,ES,student,2022-04-30
77,Diego,Fernández,Braga,PT,professional,2021-01-15
78,Beatriz,Silva,Braga,PT,casual,2021-11-05
79,Inês,Sousa,Aveiro,PT,student,2022-12-19
80,Diego,Costa,Málaga,ES,business,2022-08-29
81,Ana,Fernández,Porto,PT,student,2022-01-31
82,Inês,Silva,Barcelona,ES,professional,2021-09-19
83,Miguel,Martínez,Porto,PT,professional,2021-08-01
84,Ricardo,García,Barcelona,ES,student,2022-03-04
85,Catarina,Oliveira,Faro,PT,casual,2021-07-02
86,Marco,Ferreira,Évora,PT,professional,2022-04-07
87,Elena,Jesus,Leiria,PT,casual,2022-11-10
88,Pedro,Jesus,Porto,PT,business,2021-05-01
89,Tiago,Martins,Faro,PT,professional,2022-01-13
90,Sara,Rodrigues,Madrid,ES,student,2022-06-06
91,Nuno,Pereira,Zaragoza,ES,casual,2021-06-29
92,Luísa,López,Funchal,PT,professional,2021-10-29
93,Maria,Oliveira,Coimbra,PT,casual,2022-12-23
94,Marta,Oliveira,Bilbao,ES,professional,2022-09-10
95,Tiago,Silva,Braga,PT,professional,2021-01-15
96,Diogo,Martins,Leiria,PT,casual,2022-05-12
97,Marta,Silva,Zaragoza,ES,business,2022-06-26
98,Lucia,Costa,Funchal,PT,student,2021-09-27
99,Lucia,Sánchez,Sevilla,ES,professional,2021-04-12
100,Ricardo,Sousa,Sevilla,ES,student,2022-10-25
101,Catarina,Oliveira,Bilbao,ES,casual,2021-06-08
102,Maria,Fernández,Lisboa,PT,professional,2022-11-27
103,Catarina,Costa,Valencia,ES,casual,2021-07-19
104,Pedro,Martins,Funchal,PT,student,2021-04-15
105,Diego,Costa,Coimbra,PT,professional,2022-03-14
106,Miguel,Pereira,Porto,PT,student,2021-12-31
107,Beatriz,Jesus,Valencia,ES,business,2021-06-03
108,Luísa,Sánchez,Funchal,PT,student,2022-09-29
109,Pedro,Oliveira,Bilbao,ES,professional,2022-07-11
110,Elena,Pereira,Bilbao,ES,student,2022-08-21
111,Pablo,Santos,Sevilla,ES,professional,2022-09-25
112,Fernando,Sousa,Évora,PT,casual,2021-11-02
113,Marta,González,Sevilla,ES,student,2022-07-13
114,Fernando,García,Valencia,ES,casual,2021-03-15
115,Sofia,Oliveira,Alicante,ES,business,2021-03-12
116,Inês,Pereira,Barcelona,ES,student,2021-04-03
117,Diego,Santos,Évora,PT,casual,2021-11-26
118,Elena,Silva,Évora,PT,professional,2021-02-27
119,Filipa,Martínez,Valencia,ES,casual,2022-01-27
120,Nuno,Martínez,Lisboa,PT,casual,2022-08-11
121,Isabel,Oliveira,Lisboa,PT,casual,2021-09-01
122,Pedro,Pereira,Madrid,ES,student,2022-03-18
123,Carmen,Sánchez,Leiria,PT,student,2022-11-24
124,Inês,Sánchez,Braga,PT,professional,2021-06-03
125,Rui,Costa,Porto,PT,professional,2021-09-18
126,Miguel,Martins,Coimbra,PT,business,2021-05-15
127,Miguel,Ferreira,Coimbra,PT,casual,2022-04-30
128,Miguel,López,Porto,PT,professional,2022-02-16
129,Diego,Oliveira,Évora,PT,professional,2022-08-21
130,Isabel,Sousa,Alicante,ES,student,2021-08-22
131,Marta,Martins,Faro,PT,business,2021-03-01
132,Catarina,Santos,Setúbal,PT,business,2021-01-26
133,Filipa,Oliveira,Barcelona,ES,professional,2022-12-24
134,Carlos,González,Lisboa,PT,casual,2021-03-22
135,Luísa,González,Setúbal,PT,student,2021-08-08
136,Luísa,Santos,Sevilla,ES,student,2021-05-23
137,Lucia,Fernández,Leiria,PT,professional,2022-11-13
138,Ricardo,López,Setúbal,PT,casual,2022-12-18
139,Tiago,Ferreira,Funchal,PT,casual,2021-01-21
140,Elena,Rodrigues,Aveiro,PT,student,2022-01-30
141,Carlos,González,Braga,PT,business,2022-06-27
142,Sara,Rodrigues,Setúbal,PT,professional,2022-11-05
143,Diogo,Ferreira,Setúbal,PT,business,2021-10-25
144,Rui,Sánchez,Lisboa,PT,casual,2021-12-02
145,Maria,García,Coimbra,PT,professional,2022-01-20
146,Isabel,Silva,Évora,PT,student,2022-06-12
147,Catarina,Oliveira,Braga,PT,student,2021-06-25
148,Pablo,Martins,Faro,PT,casual,2021-03-09
149,Marco,Martins,Madrid,ES,casual,2022-05-21
150,Ricardo,García,Évora,PT,professional,2022-11-29
151,Maria,Pereira,Zaragoza,ES,casual,2022-04-20
152,Rafael,Martins,Aveiro,PT,professional,2021-08-19
153,Carmen,Pereira,Setúbal,PT,student,2021-10-20
154,André,Sousa,Funchal,PT,casual,2022-01-15
155,Inês,Martínez,Évora,PT,student,2021-10-24
156,João,Sousa,Barcelona,ES,professional,2021-03-30
157,Sofia,Ferreira,Leiria,PT,casual,2021-12-27
158,Ricardo,Ferreira,Évora,PT,casual,2021-09-16
159,Tiago,Ferreira,Barcelona,ES,professional,2021-03-11
160,Fernando,Sousa,Funchal,PT,business,2021-05-04
161,Lucia,González,Aveiro,PT,student,2021-12-05
162,Rafael,Costa,Lisboa,PT,casual,2021-01-28
163,Sofia,Jesus,Porto,PT,casual,2022-01-15
164,Carlos,Fernández,Aveiro,PT,casual,2022-12-18
165,André,Santos,Zaragoza,ES,professional,2022-05-05
166,Sofia,Oliveira,Lisboa,PT,casual,2022-04-22
167,Diogo,Sánchez,Lisboa,PT,business,2022-08-27
168,Sofia,Silva,Aveiro,PT,casual,2022-02-20
169,Maria,Santos,Évora,PT,business,2021-04-15
170,Maria,García,Málaga,ES,student,2022-05-25
171,Carlos,Sánchez,Alicante,ES,student,2021-08-16
172,Ricardo,Oliveira,Zaragoza,ES,professional,2021-04-30
173,Luísa,González,Lisboa,PT,casual,2022-01-19
174,Isabel,Jesus,Lisboa,PT,casual,2022-06-16
175,Elena,Costa,Barcelona,ES,business,2022-02-26
176,Filipa,Jesus,Bilbao,ES,student,2021-09-20
177,Maria,Fernández,Leiria,PT,student,2022-11-26
178,Marco,Pereira,Évora,PT,professional,2022-06-08
179,Ana,Martins,Faro,PT,professional,2021-04-02
180,Fernando,Pereira,Faro,PT,casual,2021-06-30
181,Marco,López,Aveiro,PT,professional,2021-02-23
182,Luísa,Rodrigues,Alicante,ES,student,2021-01-06
183,Diego,Martins,Madrid,ES,professional,2021-11-23
184,João,Jesus,Alicante,ES,casual,2022-05-07
185,Sara,García,Aveiro,PT,professional,2022-04-05
186,Beatriz,Rodrigues,Alicante,ES,business,2022-04-30
187,Lucia,Costa,Zaragoza,ES,casual,2022-01-19
188,Sofia,López,Sevilla,ES,business,2022-10-12
189,Inês,Oliveira,Alicante,ES,professional,2022-10-14
190,Sara,Oliveira,Málaga,ES,business,2021-07-24
191,Rui,Sousa,Sevilla,ES,professional,2022-04-08
192,Lucia,García,Leiria,PT,professional,2021-08-29
193,Sara,Pereira,Lisboa,PT,business,2022-08-05
194,Miguel,Costa,Funchal,PT,business,2021-01-18
195,Lucia,Silva,Funchal,PT,professional,2021-05-30
196,Inês,Santos,Bilbao,ES,professional,2022-07-20
197,Maria,Santos,Málaga,ES,professional,2021-12-06
198,Marta,Martins,Funchal,PT,professional,2022-06-17
199,Carlos,Sousa,Aveiro,PT,professional,2022-06-11
200,Filipa,Costa,Évora,PT,student,2022-03-28
201,Catarina,Oliveira,Aveiro,PT,business,2022-01-22
202,Sara,Santos,Faro,PT,professional,2022-03-11
203,Pedro,Santos,Évora,PT,student,2022-02-07
204,Pablo,Rodrigues,Faro,PT,business,2021-12-31
205,Pedro,Silva,Lisboa,PT,casual,2021-01-30
206,Fernando,García,Lisboa,PT,casual,2022-05-28
207,Miguel,Oliveira,Valencia,ES,professional,2022-08-25
208,Rui,Martins,Alicante,ES,professional,2022-07-05
209,Sara,Costa,Braga,PT,professional,2022-03-09
210,Marta,Santos,Sevilla,ES,professional,2021-03-24
211,Luísa,López,Leiria,PT,business,2022-06-06
212,Elena,Costa,Coimbra,PT,professional,2021-10-11
213,Rui,López,Évora,PT,student,2021-06-11
214,Luísa,Ferreira,Coimbra,PT,casual,2021-01-08
215,Tiago,Costa,Bilbao,ES,student,2022-09-16
216,Carlos,González,Zaragoza,ES,student,2021-01-23
217,André,Jesus,Valencia,ES,business,2022-06-15
218,Isabel,Sánchez,Bilbao,ES,student,2021-12-11
219,Diogo,Rodrigues,Málaga,ES,professional,2021-01-19
220,Carlos,Martins,Málaga,ES,student,2021-06-19
221,Miguel,Fernández,Évora,PT,business,2021-07-02
222,Rosa,Costa,Zaragoza,ES,professional,2022-12-10
223,Ana,Ferreira,Faro,PT,student,2021-03-04
224,Fernando,Costa,Coimbra,PT,professional,2021-09-01
225,Carmen,Silva,Évora,PT,student,2021-01-19
226,Rui,Oliveira,Funchal,PT,professional,2022-10-06
227,Miguel,Pereira,Zaragoza,ES,professional,2021-05-19
228,Lucia,Rodrigues,Coimbra,PT,professional,2021-11-03
229,Catarina,Sánchez,Aveiro,PT,professional,2022-04-10
230,Rosa,Ferreira,Lisboa,PT,casual,2022-02-20
231,Marco,Martínez,Madrid,ES,professional,2022-01-02
232,Carmen,Jesus,Aveiro,PT,business,2021-05-20
233,Maria,Sánchez,Bilbao,ES,student,2021-12-19
234,Rui,Martins,Lisboa,PT,professional,2022-11-04
235,Rosa,Jesus,Barcelona,ES,student,2021-06-04
236,Pablo,García,Évora,PT,casual,2022-01-27
237,Miguel,Silva,Málaga,ES,professional,2021-06-30
238,André,Sousa,Alicante,ES,business,2022-03-07
239,Marco,Ferreira,Leiria,PT,casual,2021-10-24
240,Miguel,Fernández,Sevilla,ES,professional,2021-07-28
241,Filipa,González,Madrid,ES,casual,2021-10-28
242,Beatriz,Sánchez,Bilbao,ES,professional,2021-02-20
243,Miguel,González,Braga,PT,business,2021-11-25
244,Carlos,González,Zaragoza,ES,casual,2021-03-08
245,Sara,Santos,Bilbao,ES,student,2022-05-16
246,Pedro,Martins,Coimbra,PT,professional,2021-10-26
247,Tiago,Costa,Lisboa,PT,professional,2021-08-23
248,Filipa,López,Évora,PT,professional,2021-09-11
249,Filipa,Santos,Lisboa,PT,student,2022-11-12
250,Sofia,Fernández,Aveiro,PT,casual,2022-08-13
251,Fernando,Martins,Faro,PT,professional,2022-03-20
252,Rui,Fernández,Braga,PT,student,2022-04-24
253,Marco,Rodrigues,Leiria,PT,professional,2022-01-22
254,Carmen,Sousa,Leiria,PT,casual,2021-02-23
255,Diogo,Silva,Aveiro,PT,business,2022-06-25
256,Pablo,Rodrigues,Évora,PT,professional,2021-08-11
257,Rui,Silva,Funchal,PT,professional,2021-12-02
258,Fernando,Pereira,Funchal,PT,student,2021-06-15
259,Carlos,Rodrigues,Madrid,ES,student,2022-08-25
260,Marta,Costa,Alicante,ES,casual,2021-06-27
261,Sofia,López,Lisboa,PT,professional,2022-08-28
262,Isabel,Silva,Barcelona,ES,casual,2021-01-13
263,Rosa,Sousa,Aveiro,PT,student,2021-06-13
264,Fernando,Santos,Zaragoza,ES,student,2022-06-02
265,Diogo,Jesus,Sevilla,ES,business,2021-05-05
266,Tiago,Costa,Madrid,ES,student,2022-06-23
267,Beatriz,Sousa,Málaga,ES,professional,2021-10-25
268,Luísa,Jesus,Funchal,PT,student,2021-05-08
269,Isabel,Silva,Madrid,ES,student,2021-12-06
270,Beatriz,Martínez,Leiria,PT,casual,2021-07-28
271,Diego,Pereira,Setúbal,PT,casual,2022-10-06
272,Marta,Ferreira,Alicante,ES,student,2021-05-01
273,Tiago,Sousa,Évora,PT,professional,2021-08-17
274,João,García,Coimbra,PT,casual,2022-01-03
275,Marta,Silva,Barcelona,ES,professional,2022-08-11
276,Fernando,Silva,Setúbal,PT,professional,2021-04-02
277,Marta,López,Lisboa,PT,professional,2022-12-03
278,Tiago,Sánchez,Braga,PT,professional,2021-03-22
279,Beatriz,Sousa,Alicante,ES,professional,2022-08-21
280,Nuno,González,Lisboa,PT,business,2022-07-20
281,Ana,Pereira,Sevilla,ES,casual,2022-01-07
282,Lucia,García,Barcelona,ES,casual,2022-06-03
283,Sara,Santos,Málaga,ES,student,2022-06-30
284,Elena,Martins,Porto,PT,student,2022-05-09
285,Catarina,Costa,Porto,PT,professional,2022-11-02
286,Carlos,Pereira,Coimbra,PT,casual,2022-05-05
287,Diego,Martínez,Funchal,PT,professional,2021-03-30
288,Isabel,López,Málaga,ES,student,2021-08-15
289,Rui,Ferreira,Braga,PT,student,2022-11-11
290,Nuno,Jesus,Aveiro,PT,business,2022-04-04
291,Rosa,Ferreira,Leiria,PT,student,2021-06-15
292,Rosa,Santos,Porto,PT,professional,2022-06-07
293,Fernando,González,Zaragoza,ES,professional,2022-01-03
294,Marta,Santos,Faro,PT,student,2021-07-27
295,Beatriz,Silva,Madrid,ES,student,2021-07-13
296,André,Fernández,Faro,PT,student,2022-09-16
297,Carlos,López,Madrid,ES,casual,2021-12-19
298,Pedro,Silva,Málaga,ES,student,2021-10-08
299,Sara,Martínez,Funchal,PT,student,2022-08-09
300,Maria,Ferreira,Faro,PT,student,2021-01-28
301,Nuno,Martínez,Zaragoza,ES,student,2022-09-14
302,Elena,González,Coimbra,PT,professional,2022-11-08
303,André,Martínez,Sevilla,ES,casual,2022-03-26
304,Rafael,Pereira,Funchal,PT,professional,2022-09-13
305,Diego,Oliveira,Leiria,PT,student,2022-06-12
306,Diogo,Silva,Leiria,PT,professional,2021-04-04
307,Fernando,Sousa,Funchal,PT,casual,2022-07-07
308,Ana,Silva,Alicante,ES,student,2021-02-04
309,Marta,Sánchez,Porto,PT,student,2022-10-07
310,Isabel,García,Sevilla,ES,professional,2021-03-09
311,Nuno,Fernández,Lisboa,PT,professional,2022-05-10
312,André,Santos,Évora,PT,casual,2022-11-28
313,Inês,González,Coimbra,PT,student,2022-04-28
314,Rosa,Oliveira,Funchal,PT,professional,2022-04-15
315,Marco,Pereira,Lisboa,PT,casual,2022-05-06
316,Lucia,Costa,Bilbao,ES,student,2022-09-08
317,Fernando,Pereira,Zaragoza,ES,student,2021-09-27
318,Catarina,Pereira,Porto,PT,professional,2021-03-02
319,Inês,González,Lisboa,PT,student,2022-05-31
320,Inês,Ferreira,Funchal,PT,professional,2022-08-30
321,Lucia,García,Coimbra,PT,student,2022-09-03
322,Diego,Santos,Évora,PT,professional,2021-05-02
323,Rafael,Fernández,Valencia,ES,casual,2021-06-26
324,Sara,González,Braga,PT,casual,2022-06-25
325,Carlos,García,Málaga,ES,business,2021-12-27
326,Beatriz,Sousa,Coimbra,PT,professional,2021-01-07
327,Luísa,Martínez,Porto,PT,casual,2021-11-22
328,Rosa,García,Setúbal,PT,professional,2022-09-22
329,Nuno,González,Madrid,ES,business,2021-04-20
330,Rui,Jesus,Valencia,ES,casual,2022-08-04
331,Lucia,Jesus,Faro,PT,professional,2022-11-10
332,Catarina,Silva,Barcelona,ES,casual,2021-11-29
333,Luísa,Sánchez,Málaga,ES,business,2022-01-15
334,Ricardo,Santos,Porto,PT,student,2021-09-04
335,Rafael,Rodrigues,Coimbra,PT,casual,2021-09-24
336,João,Sánchez,Lisboa,PT,professional,2022-08-12
337,Filipa,González,Zaragoza,ES,professional,2021-09-02
338,Pablo,Fernández,Valencia,ES,professional,2021-01-14
339,Beatriz,Pereira,Lisboa,PT,student,2022-12-28
340,Nuno,López,Porto,PT,business,2022-03-09
341,Luísa,Costa,Évora,PT,business,2022-12-08
342,Diego,Jesus,Leiria,PT,professional,2021-02-18
343,Sofia,Rodrigues,Valencia,ES,professional,2022-06-13
344,Pablo,García,Coimbra,PT,professional,2022-01-13
345,Lucia,González,Aveiro,PT,professional,2022-05-27
346,Nuno,Silva,Alicante,ES,student,2021-10-27
347,Sara,Rodrigues,Porto,PT,professional,2021-05-06
348,Marco,Sousa,Valencia,ES,casual,2021-04-29
349,Fernando,Sousa,Valencia,ES,business,2022-05-04
350,Pedro,Sánchez,Funchal,PT,business,2022-02-22
351,Fernando,Costa,Madrid,ES,professional,2021-06-09
352,Elena,Oliveira,Barcelona,ES,professional,2021-06-24
353,André,Oliveira,Sevilla,ES,professional,2022-01-14
354,Sara,García,Zaragoza,ES,business,2021-02-21
355,Pablo,Fernández,Málaga,ES,casual,2021-02-07
356,Carlos,García,Braga,PT,professional,2022-10-23
357,Diego,López,Sevilla,ES,business,2021-03-12
358,Isabel,Silva,Coimbra,PT,professional,2021-10-18
359,Tiago,Jesus,Bilbao,ES,professional,2022-07-17
360,Miguel,Sousa,Aveiro,PT,professional,2021-04-16
361,Isabel,Sánchez,Évora,PT,casual,2022-01-04
362,André,Martins,Faro,PT,casual,2021-06-13
363,Tiago,Oliveira,Lisboa,PT,casual,2021-04-09
364,Inês,Ferreira,Coimbra,PT,casual,2021-07-04
365,Marta,López,Aveiro,PT,casual,2021-05-05
366,Sofia,Jesus,Madrid,ES,casual,2021-03-17
367,Catarina,López,Valencia,ES,professional,2022-11-22
368,Isabel,Jesus,Barcelona,ES,student,2021-07-06
369,Marta,Silva,Zaragoza,ES,casual,2021-11-06
370,Rafael,García,Funchal,PT,business,2022-10-10
371,André,Santos,Alicante,ES,casual,2022-04-29
372,Pablo,Fernández,Setúbal,PT,student,2022-03-14
373,Diego,Silva,Alicante,ES,professional,2022-09-22
374,Catarina,Oliveira,Leiria,PT,professional,2022-09-01
375,Diego,Sánchez,Setúbal,PT,professional,2022-12-18
376,Marco,Oliveira,Faro,PT,casual,2021-05-20
377,Sara,Pereira,Leiria,PT,professional,2021-05-20
378,Inês,Sousa,Alicante,ES,student,2022-04-14
379,Fernando,Silva,Madrid,ES,business,2021-11-12
380,Carmen,García,Lisboa,PT,professional,2021-02-09
381,Marta,Martins,Madrid,ES,casual,2022-09-18
382,Miguel,Jesus,Madrid,ES,professional,2022-06-12
383,Rui,Ferreira,Porto,PT,business,2022-12-16
384,João,López,Lisboa,PT,business,2021-11-11
385,Carlos,Jesus,Porto,PT,casual,2021-07-07
386,André,Silva,Évora,PT,student,2022-12-07
387,Marta,Martínez,Barcelona,ES,professional,2022-12-12
388,Rui,Martínez,Madrid,ES,professional,2021-06-29
389,Marco,Sousa,Leiria,PT,student,2022-08-17
390,Beatriz,Fernández,Braga,PT,professional,2022-02-25
391,Inês,Pereira,Coimbra,PT,business,2021-06-20
392,João,Oliveira,Faro,PT,professional,2022-11-21
393,Maria,Jesus,Faro,PT,professional,2021-04-04
394,Sofia,Martínez,Madrid,ES,student,2022-11-18
395,Rosa,Pereira,Braga,PT,casual,2022-12-20
396,Diego,González,Alicante,ES,professional,2021-05-24
397,Pedro,Silva,Alicante,ES,professional,2021-10-12
398,Isabel,Sánchez,Porto,PT,professional,2022-02-27
399,Fernando,Jesus,Lisboa,PT,student,2021-11-05
400,Diogo,Rodrigues,Funchal,PT,business,2021-10-22
401,Isabel,Rodrigues,Porto,PT,business,2022-07-22
402,Marta,Fernández,Lisboa,PT,professional,2021-03-11
403,Marta,Martínez,Málaga,ES,professional,2021-02-28
404,Diogo,Silva,Leiria,PT,business,2021-02-14
405,Luísa,Rodrigues,Faro,PT,professional,2021-02-17
406,João,Ferreira,Leiria,PT,professional,2021-06-08
407,João,Rodrigues,Lisboa,PT,casual,2021-03-07
408,Filipa,Ferreira,Lisboa,PT,student,2022-02-01
409,Sofia,Pereira,Barcelona,ES,business,2021-05-24
410,André,Silva,Braga,PT,student,2022-02-09
411,Ana,Ferreira,Alicante,ES,student,2022-05-29
412,Maria,Ferreira,Setúbal,PT,casual,2021-01-17
413,Isabel,Sousa,Leiria,PT,student,2021-01-26
414,Marco,Sánchez,Braga,PT,casual,2022-04-16
415,Sofia,Fernández,Bilbao,ES,professional,2021-05-03
416,Pablo,Fernández,Funchal,PT,student,2021-07-15
417,Filipa,López,Faro,PT,professional,2022-12-20
418,Rosa,Fernández,Lisboa,PT,professional,2021-09-26
419,Miguel,Rodrigues,Madrid,ES,professional,2022-04-21
420,Rosa,Sánchez,Lisboa,PT,professional,2021-08-14
421,Fernando,Ferreira,Valencia,ES,professional,2021-01-10
422,Lucia,López,Lisboa,PT,casual,2021-11-17
423,Isabel,García,Bilbao,ES,student,2022-12-01
424,Nuno,García,Porto,PT,student,2021-09-03
425,Rui,García,Zaragoza,ES,business,2022-01-03
426,Ana,Jesus,Setúbal,PT,casual,2022-09-01
427,Inês,Oliveira,Leiria,PT,professional,2022-05-13
428,Fernando,Rodrigues,Aveiro,PT,student,2021-06-13
429,Filipa,Sousa,Sevilla,ES,business,2022-08-23
430,Diego,Jesus,Barcelona,ES,professional,2021-08-25
431,Maria,Santos,Madrid,ES,professional,2021-09-17
432,Marta,González,Zaragoza,ES,student,2021-11-09
433,Elena,Rodrigues,Coimbra,PT,casual,2022-01-01
434,Ana,Santos,Valencia,ES,professional,2021-08-02
435,Miguel,Silva,Sevilla,ES,student,2021-05-02
436,Lucia,Ferreira,Barcelona,ES,professional,2022-03-17
437,Sofia,López,Madrid,ES,student,2021-12-06
438,Diego,Sánchez,Aveiro,PT,student,2022-01-21
439,Lucia,López,Sevilla,ES,professional,2021-09-13
440,Rafael,Oliveira,Barcelona,ES,professional,2021-07-20
441,Tiago,Sánchez,Coimbra,PT,professional,2021-04-19
442,Filipa,Silva,Alicante,ES,professional,2022-11-01
443,Carmen,Silva,Sevilla,ES,business,2022-05-09
444,Carmen,Silva,Lisboa,PT,professional,2022-06-18
445,Marta,Santos,Madrid,ES,student,2021-02-04
446,Maria,Sousa,Madrid,ES,business,2021-06-02
447,Sara,Costa,Lisboa,PT,casual,2021-05-09
448,Marta,González,Málaga,ES,casual,2022-09-11
449,Marta,Jesus,Alicante,ES,professional,2021-08-04
450,Marta,García,Lisboa,PT,casual,2021-11-24
451,Pablo,Costa,Sevilla,ES,student,2021-05-19
452,Sara,Martins,Sevilla,ES,student,2022-01-10
453,Carmen,Pereira,Lisboa,PT,professional,2021-03-24
454,Maria,Rodrigues,Bilbao,ES,professional,2022-09-04
455,Marco,Sousa,Madrid,ES,casual,2021-02-11
456,Sofia,López,Faro,PT,business,2021-09-17
457,Beatriz,Pereira,Porto,PT,casual,2021-05-27
458,Carlos,López,Aveiro,PT,casual,2022-10-13
459,Fernando,González,Zaragoza,ES,student,2022-06-07
460,Sofia,Costa,Madrid,ES,professional,2022-06-15
461,Elena,Santos,Barcelona,ES,casual,2021-01-23
462,Fernando,González,Aveiro,PT,professional,2022-07-16
463,Ana,López,Setúbal,PT,student,2022-02-26
464,Inês,Pereira,Braga,PT,professional,2022-11-16
465,Sara,Fernández,Valencia,ES,professional,2021-12-31
466,Tiago,García,Funchal,PT,student,2022-09-04
467,Ana,Jesus,Valencia,ES,professional,2022-03-02
468,Filipa,López,Madrid,ES,student,2021-09-09
469,Ricardo,Pereira,Évora,PT,student,2022-02-14
470,Diogo,González,Funchal,PT,student,2022-07-11
471,Marco,Sousa,Setúbal,PT,student,2021-06-23
472,Isabel,López,Valencia,ES,professional,2021-04-14
473,Marco,Sánchez,Zaragoza,ES,casual,2021-01-04
474,Rui,Rodrigues,Braga,PT,professional,2021-11-04
475,Ricardo,Jesus,Leiria,PT,professional,2021-04-14
476,Diego,Fernández,Valencia,ES,business,2022-02-16
477,Sofia,Martins,Leiria,PT,casual,2022-03-17
478,Pedro,Jesus,Sevilla,ES,business,2021-10-03
479,Rosa,García,Funchal,PT,casual,2022-04-29
480,Tiago,López,Málaga,ES,professional,2022-01-15
481,Filipa,Sánchez,Bilbao,ES,student,2022-10-14
482,Isabel,Jesus,Évora,PT,business,2022-11-15
483,Rosa,López,Évora,PT,professional,2021-10-03
484,Marta,Costa,Barcelona,ES,student,2021-07-01
485,Catarina,Ferreira,Zaragoza,ES,professional,2022-04-06
486,Rosa,García,Aveiro,PT,professional,2021-01-23
487,Fernando,López,Setúbal,PT,professional,2022-09-15
488,João,Sousa,Braga,PT,casual,2021-06-10
489,Miguel,Rodrigues,Funchal,PT,student,2021-04-18
490,Pablo,Costa,Funchal,PT,business,2021-01-28
491,Rafael,García,Porto,PT,professional,2021-10-06
492,Rui,Ferreira,Porto,PT,professional,2021-06-12
493,Rafael,Santos,Lisboa,PT,business,2022-01-12
494,Sara,Silva,Porto,PT,professional,2022-04-06
495,Nuno,García,Valencia,ES,student,2021-11-26
496,Marta,Sánchez,Coimbra,PT,professional,2021-10-14
497,André,Silva,Braga,PT,business,2022-10-02
498,Catarina,Jesus,Málaga,ES,student,2021-10-07
499,Pablo,González,Zaragoza,ES,business,2021-04-07
500,Inês,López,Sevilla,ES,student,2021-12-27
501,Rafael,Martins,Valencia,ES,professional,2021-07-02
502,Fernando,Martins,Funchal,PT,casual,2021-10-27
503,Tiago,López,Aveiro,PT,business,2021-07-31
504,Tiago,Santos,Porto,PT,casual,2022-12-12
505,Carlos,Rodrigues,Funchal,PT,professional,2022-03-14
506,Isabel,Santos,Alicante,ES,professional,2022-09-29
507,Miguel,Sousa,Valencia,ES,student,2021-02-02
508,Fernando,Oliveira,Braga,PT,student,2022-02-16
509,Marta,Martínez,Lisboa,PT,professional,2021-08-20
510,Marco,Ferreira,Sevilla,ES,casual,2021-11-19
511,Elena,Pereira,Valencia,ES,professional,2021-10-19
512,Fernando,González,Lisboa,PT,casual,2021-07-16
513,Lucia,García,Aveiro,PT,professional,2022-08-05
514,Ana,Silva,Funchal,PT,business,2021-02-05
515,Filipa,Oliveira,Lisboa,PT,professional,2021-03-25
516,Lucia,Ferreira,Madrid,ES,professional,2021-01-28
517,André,Martins,Madrid,ES,student,2022-09-23
518,Rafael,Martins,Bilbao,ES,professional,2021-08-25
519,Isabel,López,Faro,PT,casual,2022-01-08
520,Marco,Jesus,Funchal,PT,student,2022-02-16
521,Nuno,García,Leiria,PT,casual,2021-04-13
522,Inês,Sousa,Aveiro,PT,casual,2022-11-25
523,Rafael,Rodrigues,Málaga,ES,student,2022-10-30
524,Pablo,Pereira,Bilbao,ES,professional,2022-03-05
525,Isabel,Martínez,Leiria,PT,casual,2021-01-23
526,Elena,Martínez,Braga,PT,casual,2021-03-03
527,Rosa,Jesus,Setúbal,PT,student,2021-04-23
528,Sofia,López,Braga,PT,business,2022-08-11
529,Tiago,López,Braga,PT,professional,2021-11-17
530,Nuno,Oliveira,Zaragoza,ES,professional,2021-04-10
531,Pedro,Ferreira,Braga,PT,professional,2021-03-27
532,Nuno,Santos,Barcelona,ES,professional,2021-03-18
533,Lucia,Martins,Sevilla,ES,casual,2021-03-16
534,Carmen,Santos,Funchal,PT,business,2022-05-22
535,Luísa,Oliveira,Alicante,ES,casual,2021-10-19
536,Tiago,García,Setúbal,PT,student,2022-03-27
537,Tiago,López,Funchal,PT,student,2021-09-03
538,Isabel,López,Aveiro,PT,casual,2022-08-27
539,Diogo,Sousa,Funchal,PT,student,2022-03-22
540,Sara,Martins,Bilbao,ES,casual,2021-03-14
541,Ana,Sánchez,Leiria,PT,student,2021-02-08
542,Nuno,Costa,Bilbao,ES,professional,2021-11-26
543,Marco,Jesus,Braga,PT,student,2022-06-04
544,Fernando,García,Madrid,ES,professional,2022-05-22
545,Marco,García,Évora,PT,business,2022-04-15
546,Carmen,Costa,Setúbal,PT,student,2022-11-24
547,Marta,Silva,Coimbra,PT,professional,2021-06-23
548,Diego,Santos,Évora,PT,professional,2021-10-30
549,Tiago,González,Leiria,PT,professional,2022-06-18
550,Beatriz,Santos,Coimbra,PT,casual,2021-04-14
551,Lucia,González,Faro,PT,student,2022-01-23
552,Marta,Pereira,Málaga,ES,professional,2022-09-22
553,Maria,Pereira,Leiria,PT,student,2021-08-22
554,Carlos,Sousa,Leiria,PT,casual,2022-03-03
555,Rafael,Rodrigues,Leiria,PT,student,2022-11-28
556,Elena,Santos,Leiria,PT,professional,2022-06-26
557,Marco,Pereira,Valencia,ES,business,2022-04-30
558,Marco,Jesus,Porto,PT,casual,2022-08-27
559,João,Jesus,Bilbao,ES,student,2022-12-21
560,Isabel,Pereira,Braga,PT,professional,2022-11-13
561,Nuno,Costa,Coimbra,PT,business,2022-02-14
562,Beatriz,López,Faro,PT,professional,2021-10-17
563,Isabel,Ferreira,Barcelona,ES,professional,2021-10-31
564,Carmen,Martins,Valencia,ES,professional,2021-01-17
565,Isabel,Pereira,Aveiro,PT,casual,2022-01-25
566,Maria,Sousa,Porto,PT,professional,2022-05-31
567,Elena,Ferreira,Porto,PT,professional,2022-07-26
568,Nuno,Rodrigues,Málaga,ES,student,2022-11-16
569,Carmen,Silva,Sevilla,ES,business,2021-11-15
570,Lucia,García,Funchal,PT,professional,2021-06-25
571,Elena,Martins,Funchal,PT,casual,2022-06-18
572,Isabel,Costa,Leiria,PT,professional,2021-01-02
573,Isabel,López,Leiria,PT,professional,2021-06-25
574,Sara,Costa,Porto,PT,student,2021-04-09
575,Pablo,López,Aveiro,PT,professional,2021-08-20
576,Ana,Santos,Zaragoza,ES,professional,2021-01-03
577,Ana,González,Madrid,ES,professional,2021-07-06
578,Pablo,Sánchez,Setúbal,PT,casual,2021-05-08
579,Diego,Sánchez,Valencia,ES,professional,2021-09-25
580,Diego,López,Faro,PT,student,2022-06-20
581,Diego,Ferreira,Funchal,PT,professional,2021-09-07
582,Miguel,Pereira,Aveiro,PT,professional,2022-03-07
583,Nuno,Sánchez,Alicante,ES,professional,2022-03-08
584,Marco,Santos,Valencia,ES,business,2021-03-16
585,Fernando,Martínez,Málaga,ES,business,2021-01-18
586,Maria,González,Braga,PT,casual,2022-05-03
587,Sara,Sousa,Sevilla,ES,student,2022-12-16
588,Rui,Martins,Bilbao,ES,business,2021-03-17
589,Carmen,Sousa,Sevilla,ES,student,2021-03-04
590,Inês,García,Sevilla,ES,professional,2021-01-11
591,Diego,Martínez,Valencia,ES,student,2021-02-15
592,Marta,Sousa,Braga,PT,student,2022-01-16
593,Pedro,López,Aveiro,PT,casual,2022-03-21
594,Sara,Ferreira,Valencia,ES,student,2021-08-29
595,Luísa,González,Zaragoza,ES,casual,2022-05-06
596,Sofia,Costa,Zaragoza,ES,casual,2021-02-21
597,Marco,Santos,Barcelona,ES,casual,2022-11-29
598,Marco,González,Zaragoza,ES,student,2021-07-09
599,Diogo,Sánchez,Braga,PT,professional,2021-05-11
600,Fernando,Sousa,Porto,PT,casual,2021-07-17
601,Rosa,Fernández,Barcelona,ES,casual,2021-10-06
602,Nuno,Martins,Aveiro,PT,professional,2021-04-06
603,Elena,Sánchez,Alicante,ES,casual,2021-06-03
604,Nuno,Martínez,Málaga,ES,professional,2021-12-06
605,Isabel,González,Coimbra,PT,casual,2022-02-18
606,Rosa,Sousa,Évora,PT,student,2021-12-04
607,Miguel,García,Alicante,ES,professional,2021-02-02
608,Carlos,Pereira,Madrid,ES,professional,2022-08-29
609,Diogo,Fernández,Madrid,ES,professional,2022-09-01
610,Pablo,Jesus,Coimbra,PT,student,2021-04-26
611,Rafael,Oliveira,Madrid,ES,casual,2022-05-29
612,Ana,López,Sevilla,ES,business,2021-03-24
613,Sara,Martínez,Barcelona,ES,student,2022-01-28
614,Ricardo,Ferreira,Porto,PT,professional,2022-02-25
615,Rui,Martínez,Faro,PT,casual,2021-02-18
616,Diogo,Martínez,Évora,PT,casual,2022-03-11
617,Diogo,Jesus,Alicante,ES,business,2022-06-29
618,Pablo,Sánchez,Setúbal,PT,professional,2021-11-25
619,Diego,Martínez,Bilbao,ES,casual,2022-03-02
620,Sara,Rodrigues,Sevilla,ES,professional,2021-11-06
621,André,Ferreira,Évora,PT,casual,2022-12-17
622,Ricardo,Sánchez,Valencia,ES,casual,2022-10-11
623,Catarina,García,Leiria,PT,student,2022-02-22
624,Diogo,Fernández,Setúbal,PT,student,2021-08-14
625,Marco,Fernández,Zaragoza,ES,student,2021-01-23
626,Catarina,López,Valencia,ES,professional,2022-12-03
627,André,Martínez,Valencia,ES,student,2022-05-04
628,Isabel,García,Málaga,ES,professional,2021-10-31
629,Ana,Sánchez,Barcelona,ES,business,2021-08-15
630,Lucia,López,Funchal,PT,casual,2022-05-23
631,Pablo,Silva,Alicante,ES,professional,2021-05-25
632,Rui,Oliveira,Bilbao,ES,business,2022-10-21
633,Carmen,González,Alicante,ES,casual,2021-03-15
634,Marta,García,Coimbra,PT,student,2021-01-17
635,Diego,Oliveira,Madrid,ES,casual,2022-05-30
636,Fernando,López,Funchal,PT,professional,2021-10-14
637,Sofia,Rodrigues,Aveiro,PT,professional,2021-01-26
638,Filipa,López,Aveiro,PT,casual,2021-05-13
639,Ana,Pereira,Barcelona,ES,casual,2022-09-26
640,Beatriz,Ferreira,Braga,PT,professional,2021-05-05
641,Isabel,Fernández,Faro,PT,student,2022-12-11
642,Isabel,Silva,Setúbal,PT,casual,2022-10-31
643,Inês,Costa,Funchal,PT,professional,2022-09-18
644,Fernando,Ferreira,Évora,PT,student,2021-09-18
645,Marta,Martins,Funchal,PT,professional,2022-01-28
646,Rosa,Rodrigues,Setúbal,PT,professional,2022-03-30
647,Tiago,González,Coimbra,PT,casual,2022-02-26
648,Filipa,Costa,Málaga,ES,casual,2022-04-29
649,Miguel,Sánchez,Sevilla,ES,casual,2021-10-18
650,Marta,González,Zaragoza,ES,student,2021-03-26
651,Catarina,Sousa,Sevilla,ES,professional,2021-10-29
652,Lucia,López,Funchal,PT,student,2021-07-30
653,Pablo,Pereira,Valencia,ES,professional,2022-04-24
654,Sofia,Fernández,Funchal,PT,casual,2021-12-23
655,Pedro,Martínez,Braga,PT,casual,2021-05-08
656,Luísa,Costa,Funchal,PT,student,2021-08-29
657,Beatriz,Pereira,Lisboa,PT,casual,2022-07-15
658,Beatriz,Costa,Braga,PT,casual,2022-07-21
659,Fernando,Fernández,Setúbal,PT,student,2021-10-22
660,André,Sousa,Setúbal,PT,business,2021-10-21
661,Luísa,Jesus,Alicante,ES,business,2021-04-23
662,Tiago,Pereira,Funchal,PT,professional,2021-12-23
663,Diego,Ferreira,Málaga,ES,professional,2022-12-27
664,Isabel,González,Málaga,ES,student,2022-07-09
665,Rosa,Ferreira,Valencia,ES,business,2021-05-12
666,Rosa,García,Barcelona,ES,professional,2022-08-07
667,Marco,López,Madrid,ES,professional,2022-05-08
668,Maria,Ferreira,Barcelona,ES,professional,2022-08-15
669,Pablo,López,Alicante,ES,professional,2021-09-19
670,Pedro,Martins,Setúbal,PT,casual,2022-01-27
671,Elena,Fernández,Braga,PT,casual,2021-10-25
672,Rosa,López,Coimbra,PT,professional,2021-03-23
673,Fernando,Santos,Braga,PT,casual,2021-04-24
674,Diogo,Martins,Leiria,PT,student,2022-10-19
675,Sara,Martínez,Braga,PT,casual,2022-04-23
676,Pedro,Ferreira,Évora,PT,student,2021-12-30
677,Rui,García,Braga,PT,student,2022-03-10
678,Carlos,Sánchez,Lisboa,PT,professional,2022-08-13
679,Marco,Rodrigues,Setúbal,PT,business,2021-08-19
680,Ana,García,Porto,PT,student,2021-01-18
681,Maria,Rodrigues,Aveiro,PT,professional,2022-03-19
682,Tiago,Oliveira,Faro,PT,student,2022-11-09
683,Carmen,Sánchez,Faro,PT,student,2022-01-04
684,Rafael,Santos,Barcelona,ES,casual,2022-08-12
685,Inês,Silva,Sevilla,ES,business,2022-09-10
686,Rui,Martins,Zaragoza,ES,business,2021-12-28
687,Luísa,García,Valencia,ES,professional,2022-11-20
688,Rafael,Fernández,Aveiro,PT,casual,2021-09-17
689,Beatriz,Rodrigues,Porto,PT,student,2022-12-15
690,Rafael,Ferreira,Évora,PT,professional,2022-03-08
691,Luísa,Sánchez,Funchal,PT,student,2022-06-20
692,André,Ferreira,Porto,PT,business,2021-04-01
693,Rafael,Fernández,Faro,PT,casual,2022-07-22
694,Rosa,Oliveira,Évora,PT,student,2021-08-28
695,Rosa,Pereira,Barcelona,ES,professional,2022-01-17
696,Elena,Martínez,Funchal,PT,student,2021-01-20
697,Marco,Oliveira,Évora,PT,business,2021-07-12
698,Catarina,Martins,Leiria,PT,casual,2021-03-23
699,Isabel,Ferreira,Aveiro,PT,student,2021-04-30
700,Maria,Sánchez,Leiria,PT,casual,2021-05-15
701,Filipa,Pereira,Aveiro,PT,student,2021-04-13
702,Isabel,López,Braga,PT,professional,2021-04-03
703,Marco,Martínez,Aveiro,PT,casual,2021-04-18
704,Ricardo,Santos,Évora,PT,professional,2022-07-15
705,Ana,Silva,Sevilla,ES,student,2021-09-10
706,Marta,Ferreira,Bilbao,ES,student,2021-08-18
707,Ricardo,Rodrigues,Málaga,ES,student,2021-04-03
708,Isabel,Oliveira,Aveiro,PT,professional,2021-10-09
709,Carmen,Oliveira,Porto,PT,casual,2021-10-27
710,Elena,Martins,Setúbal,PT,student,2022-01-03
711,Nuno,López,Funchal,PT,student,2022-09-16
712,Tiago,Santos,Funchal,PT,business,2021-05-16
713,Fernando,Rodrigues,Lisboa,PT,business,2022-01-19
714,Lucia,Costa,Braga,PT,business,2021-04-01
715,Carmen,Sousa,Leiria,PT,casual,2021-11-28
716,Catarina,Costa,Bilbao,ES,student,2021-01-10
717,Sara,Ferreira,Porto,PT,student,2022-05-21
718,Carmen,González,Barcelona,ES,casual,2021-03-24
719,Fernando,Sousa,Funchal,PT,student,2022-08-20
720,Diego,Martins,Faro,PT,student,2022-08-15
721,João,Martínez,Porto,PT,student,2021-10-19
722,Filipa,Jesus,Bilbao,ES,professional,2021-08-06
723,Lucia,García,Funchal,PT,student,2021-02-24
724,Sara,Ferreira,Aveiro,PT,student,2021-01-15
725,Lucia,Martins,Aveiro,PT,casual,2021-11-09
726,Rui,Jesus,Lisboa,PT,business,2021-03-03
727,Carmen,Costa,Funchal,PT,casual,2022-09-22
728,Lucia,Martínez,Faro,PT,casual,2022-03-10
729,Fernando,Pereira,Évora,PT,student,2021-03-21
730,Nuno,Pereira,Alicante,ES,student,2022-03-21
731,Luísa,González,Sevilla,ES,professional,2021-09-25
732,Ricardo,López,Bilbao,ES,student,2022-11-10
733,Diego,Pereira,Madrid,ES,professional,2022-12-22
734,Inês,Oliveira,Zaragoza,ES,casual,2021-01-04
735,Sara,Sousa,Évora,PT,casual,2022-02-15
736,Carlos,Sousa,Setúbal,PT,professional,2022-04-11
737,Lucia,Sánchez,Málaga,ES,professional,2022-03-09
738,André,Silva,Faro,PT,student,2022-05-11
739,João,García,Faro,PT,business,2022-02-09
740,Beatriz,Jesus,Aveiro,PT,business,2021-07-11
741,Rafael,González,Braga,PT,casual,2021-01-09
742,Ana,López,Valencia,ES,business,2022-03-06
743,Luísa,Costa,Setúbal,PT,casual,2022-04-02
744,Sofia,Santos,Lisboa,PT,professional,2022-02-15
745,Rui,Jesus,Sevilla,ES,student,2021-09-06
746,Pablo,Martínez,Lisboa,PT,student,2022-07-10
747,Carmen,Oliveira,Faro,PT,casual,2021-07-05
748,Diogo,Ferreira,Braga,PT,student,2022-04-27
749,Carmen,Jesus,Porto,PT,professional,2021-03-15
750,Isabel,Rodrigues,Porto,PT,professional,2022-12-29
751,Isabel,Pereira,Leiria,PT,business,2022-02-14
752,Fernando,García,Leiria,PT,casual,2022-09-10
753,Sara,Santos,Funchal,PT,student,2021-11-10
754,João,Sousa,Porto,PT,casual,2022-02-22
755,Marco,Martínez,Aveiro,PT,professional,2021-03-23
756,Miguel,Rodrigues,Málaga,ES,professional,2022-09-20
757,Pablo,Sánchez,Aveiro,PT,professional,2022-11-21
758,André,Fernández,Funchal,PT,casual,2022-01-04
759,Carlos,Oliveira,Braga,PT,professional,2022-01-11
760,Lucia,González,Bilbao,ES,casual,2022-07-27
761,Fernando,Santos,Valencia,ES,casual,2022-06-29
762,Fernando,Oliveira,Setúbal,PT,casual,2021-04-11
763,Rafael,Santos,Setúbal,PT,professional,2021-10-04
764,Rosa,Pereira,Sevilla,ES,casual,2022-01-10
765,Pedro,Martins,Málaga,ES,casual,2022-01-15
766,Miguel,Sánchez,Porto,PT,casual,2022-06-07
767,Rosa,López,Sevilla,ES,casual,2021-11-12
768,Maria,Sánchez,Lisboa,PT,business,2022-01-30
769,Carmen,Martins,Évora,PT,casual,2021-10-21
770,Rui,Rodrigues,Zaragoza,ES,casual,2021-12-08
771,Marta,Fernández,Barcelona,ES,business,2022-06-09
772,Sofia,García,Bilbao,ES,business,2021-06-28
773,Carlos,Sousa,Évora,PT,professional,2022-03-05
774,Rafael,Sousa,Leiria,PT,professional,2022-03-27
775,Miguel,Ferreira,Aveiro,PT,professional,2021-05-05
776,Pedro,Rodrigues,Lisboa,PT,student,2021-10-26
777,João,López,Sevilla,ES,student,2022-08-21
778,Rui,García,Zaragoza,ES,professional,2022-03-18
779,Catarina,Martins,Lisboa,PT,casual,2022-11-13
780,Carlos,Martins,Madrid,ES,student,2022-09-16
781,Pablo,García,Lisboa,PT,professional,2021-11-17
782,Diogo,Sánchez,Aveiro,PT,student,2021-06-19
783,Beatriz,Oliveira,Leiria,PT,business,2021-05-20
784,Diogo,López,Zaragoza,ES,professional,2022-06-11
785,João,Pereira,Bilbao,ES,casual,2022-08-31
786,Carmen,Martins,Sevilla,ES,professional,2022-09-04
787,Tiago,González,Évora,PT,student,2022-01-05
788,Rui,Costa,Málaga,ES,professional,2022-01-09
789,Luísa,Oliveira,Zaragoza,ES,professional,2022-08-02
790,Diogo,Sánchez,Valencia,ES,professional,2021-01-03
791,Ricardo,Oliveira,Leiria,PT,professional,2022-10-27
792,Marco,Fernández,Braga,PT,professional,2021-07-14
793,Carmen,Jesus,Funchal,PT,professional,2021-11-24
794,Marta,Ferreira,Leiria,PT,casual,2022-11-09
795,Rafael,Fernández,Setúbal,PT,professional,2022-04-02
796,André,Oliveira,Setúbal,PT,student,2022-09-06
797,Sofia,Costa,Funchal,PT,casual,2021-05-18
798,André,García,Braga,PT,casual,2022-06-08
799,Ricardo,Oliveira,Coimbra,PT,professional,2022-12-24
800,André,Martins,Lisboa,PT,student,2022-05-17
801,Diego,Martínez,Porto,PT,professional,2021-07-24
802,Lucia,Martínez,Setúbal,PT,casual,2022-04-30
803,Rui,González,Sevilla,ES,student,2022-04-16
804,Marta,Martínez,Funchal,PT,casual,2022-11-20
805,João,García,Alicante,ES,professional,2022-04-15
806,Catarina,González,Porto,PT,professional,2022-01-09
807,Sofia,López,Faro,PT,casual,2022-05-03
808,João,Silva,Bilbao,ES,professional,2021-03-13
809,Nuno,Sánchez,Leiria,PT,professional,2021-02-16
810,João,Sánchez,Zaragoza,ES,professional,2021-10-17
811,Filipa,Martins,Zaragoza,ES,professional,2021-09-26
812,Fernando,Fernández,Sevilla,ES,student,2022-11-23
813,Sara,Ferreira,Valencia,ES,student,2022-03-26
814,Sara,Martínez,Málaga,ES,casual,2022-09-08
815,Carlos,Fernández,Zaragoza,ES,student,2022-07-14
816,Rafael,Costa,Faro,PT,professional,2022-06-12
817,Isabel,Fernández,Funchal,PT,professional,2022-05-08
818,Carmen,Pereira,Lisboa,PT,professional,2021-07-03
819,Carlos,Sousa,Aveiro,PT,casual,2021-10-24
820,Diego,Jesus,Faro,PT,casual,2021-02-27
821,Diogo,Jesus,Málaga,ES,business,2022-01-15
822,Sara,González,Porto,PT,casual,2021-02-20
823,Marta,Rodrigues,Alicante,ES,casual,2022-03-01
824,André,Sousa,Braga,PT,professional,2022-07-22
825,Rui,Ferreira,Valencia,ES,casual,2021-08-06
826,Inês,Pereira,Bilbao,ES,casual,2022-03-25
827,Inês,Costa,Setúbal,PT,professional,2021-12-04
828,Pablo,Oliveira,Bilbao,ES,student,2021-03-10
829,Pablo,Rodrigues,Braga,PT,business,2021-12-03
830,Rui,González,Leiria,PT,student,2022-02-13
831,João,Costa,Évora,PT,professional,2021-08-05
832,Rui,Silva,Leiria,PT,professional,2022-05-05
833,Pedro,Sánchez,Málaga,ES,professional,2022-04-14
834,Inês,Santos,Lisboa,PT,casual,2022-11-06
835,Elena,García,Leiria,PT,student,2022-12-30
836,Carlos,Jesus,Funchal,PT,professional,2022-11-07
837,Sofia,Pereira,Faro,PT,student,2021-08-05
838,Catarina,Sánchez,Évora,PT,casual,2021-10-09
839,Diego,Santos,Setúbal,PT,student,2022-03-15
840,Marco,Oliveira,Alicante,ES,student,2022-10-10
841,Rosa,González,Zaragoza,ES,professional,2021-07-07
842,Diego,Costa,Sevilla,ES,business,2021-02-25
843,Beatriz,Martínez,Braga,PT,business,2022-08-17
844,Marta,Oliveira,Setúbal,PT,business,2022-09-02
845,Miguel,Fernández,Alicante,ES,business,2021-06-01
846,Sara,López,Leiria,PT,student,2021-02-26
847,Fernando,Sánchez,Braga,PT,student,2022-03-25
848,Filipa,Sánchez,Setúbal,PT,professional,2021-01-02
849,Sofia,López,Faro,PT,casual,2021-02-01
850,Miguel,Santos,Évora,PT,professional,2022-03-03
851,Marco,Sánchez,Málaga,ES,casual,2021-03-11
852,Inês,Martínez,Porto,PT,student,2021-12-05
853,Carlos,López,Porto,PT,business,2021-02-14
854,Tiago,López,Alicante,ES,professional,2021-05-18
855,Fernando,García,Évora,PT,casual,2021-07-05
856,Fernando,García,Porto,PT,casual,2021-09-23
857,Nuno,Pereira,Zaragoza,ES,student,2021-02-27
858,Carlos,Jesus,Funchal,PT,student,2021-01-16
859,Inês,Rodrigues,Porto,PT,student,2021-05-17
860,Diego,Sousa,Aveiro,PT,student,2021-10-31
861,Sara,Martínez,Málaga,ES,business,2021-09-04
862,Nuno,Sousa,Zaragoza,ES,casual,2021-03-20
863,Rui,González,Sevilla,ES,professional,2022-09-05
864,Ana,Sousa,Leiria,PT,casual,2021-09-06
865,Ana,Fernández,Évora,PT,student,2021-08-16
866,Marco,Sousa,Porto,PT,student,2021-10-05
867,Nuno,Costa,Faro,PT,professional,2021-04-25
868,Diego,Oliveira,Aveiro,PT,professional,2021-04-22
869,Fernando,Sousa,Porto,PT,student,2022-07-15
870,Fernando,Rodrigues,Málaga,ES,casual,2021-10-17
871,Carlos,López,Funchal,PT,professional,2021-02-10
872,Inês,López,Madrid,ES,casual,2021-06-16
873,Diego,Rodrigues,Barcelona,ES,casual,2021-12-27
874,Lucia,Fernández,Lisboa,PT,casual,2021-10-23
875,Diego,Jesus,Alicante,ES,student,2021-08-01
876,Marta,Jesus,Setúbal,PT,professional,2021-02-22
877,Marco,Silva,Coimbra,PT,professional,2022-03-11
878,André,Santos,Évora,PT,professional,2022-05-23
879,Tiago,Ferreira,Alicante,ES,student,2022-11-02
880,Tiago,Santos,Évora,PT,professional,2022-01-01
881,Rui,López,Bilbao,ES,professional,2022-07-26
882,Luísa,Martínez,Leiria,PT,business,2022-01-09
883,Elena,García,Bilbao,ES,business,2021-09-30
884,Tiago,Pereira,Valencia,ES,professional,2022-02-13
885,Tiago,López,Sevilla,ES,student,2021-03-28
886,Diogo,Oliveira,Zaragoza,ES,business,2022-07-26
887,João,Martins,Barcelona,ES,casual,2021-11-06
888,Sara,González,Évora,PT,business,2022-01-06
889,Rafael,López,Braga,PT,professional,2022-10-30
890,Maria,Silva,Leiria,PT,professional,2021-08-06
891,André,Santos,Setúbal,PT,student,2022-04-27
892,Diogo,Fernández,Madrid,ES,casual,2022-01-17
893,Filipa,Martins,Valencia,ES,casual,2021-06-06
894,Luísa,Silva,Leiria,PT,professional,2022-12-07
895,Rui,Oliveira,Aveiro,PT,student,2021-06-09
896,Diogo,Pereira,Évora,PT,student,2021-01-13
897,Isabel,Sousa,Barcelona,ES,casual,2022-07-17
898,Rafael,Martins,Aveiro,PT,student,2021-04-29
899,Luísa,Fernández,Braga,PT,casual,2021-04-02
900,Diogo,Santos,Évora,PT,professional,2022-09-05
901,Ricardo,Oliveira,Sevilla,ES,professional,2021-10-16
902,Tiago,Sánchez,Faro,PT,business,2022-08-31
903,Luísa,Costa,Barcelona,ES,student,2022-11-11
904,João,Oliveira,Braga,PT,student,2022-07-15
905,Rosa,Costa,Madrid,ES,student,2021-05-25
906,André,Santos,Valencia,ES,student,2022-04-25
907,Filipa,Rodrigues,Valencia,ES,professional,2022-07-10
908,Elena,Fernández,Alicante,ES,casual,2021-07-18
909,Inês,García,Setúbal,PT,professional,2022-01-28
910,Beatriz,Sousa,Coimbra,PT,casual,2022-10-24
911,João,Costa,Aveiro,PT,professional,2022-07-15
912,Fernando,Sánchez,Porto,PT,student,2021-07-04
913,Rafael,Silva,Funchal,PT,professional,2022-06-04
914,Beatriz,Martínez,Aveiro,PT,student,2021-06-22
915,Tiago,Ferreira,Bilbao,ES,professional,2022-02-13
916,Rosa,Pereira,Aveiro,PT,casual,2021-01-12
917,Tiago,Costa,Évora,PT,casual,2022-07-22
918,Tiago,Pereira,Leiria,PT,casual,2022-01-02
919,Isabel,Pereira,Braga,PT,professional,2022-12-27
920,Marta,Santos,Aveiro,PT,student,2022-07-17
921,Marco,Costa,Sevilla,ES,student,2022-03-17
922,Marco,Sánchez,Alicante,ES,casual,2021-06-28
923,Tiago,Costa,Bilbao,ES,student,2021-10-26
924,Lucia,Ferreira,Funchal,PT,professional,2022-09-12
925,Elena,García,Bilbao,ES,casual,2022-12-12
926,Pedro,Martins,Bilbao,ES,professional,2022-09-27
927,Ana,Sánchez,Funchal,PT,business,2022-09-12
928,Sofia,Martínez,Zaragoza,ES,student,2022-06-16
929,Rafael,Sousa,Barcelona,ES,business,2021-05-08
930,Rafael,López,Évora,PT,student,2021-05-06
931,Pedro,Martínez,Lisboa,PT,casual,2022-06-11
932,Marta,Martins,Braga,PT,business,2022-12-06
933,Marta,Rodrigues,Alicante,ES,business,2022-08-10
934,Rafael,Santos,Coimbra,PT,student,2022-08-16
935,Rafael,Jesus,Zaragoza,ES,business,2022-05-12
936,Luísa,Costa,Leiria,PT,casual,2021-12-12
937,Marco,Pereira,Coimbra,PT,professional,2022-09-09
938,Ricardo,Ferreira,Funchal,PT,student,2021-04-04
939,Rafael,Fernández,Porto,PT,professional,2022-11-23
940,Ana,López,Funchal,PT,professional,2021-01-15
941,André,Silva,Funchal,PT,casual,2021-11-21
942,Inês,Sánchez,Porto,PT,student,2022-02-19
943,Nuno,Jesus,Évora,PT,casual,2021-03-21
944,Pablo,Martins,Sevilla,ES,student,2021-05-26
945,João,Oliveira,Porto,PT,professional,2021-11-09
946,Diego,Ferreira,Leiria,PT,professional,2022-01-10
947,Diego,Sousa,Évora,PT,business,2021-09-13
948,Rui,Fernández,Faro,PT,casual,2022-03-06
949,Elena,López,Porto,PT,student,2021-09-22
950,Carlos,Sousa,Valencia,ES,casual,2021-04-10
951,Inês,Pereira,Barcelona,ES,professional,2022-07-02
952,Lucia,Ferreira,Sevilla,ES,professional,2022-11-25
953,Rui,Ferreira,Málaga,ES,professional,2021-11-17
954,Catarina,Rodrigues,Funchal,PT,professional,2021-08-03
955,Miguel,García,Madrid,ES,casual,2021-12-21
956,Sofia,López,Alicante,ES,business,2022-11-23
957,Marta,Martínez,Valencia,ES,professional,2021-05-12
958,Rui,Ferreira,Sevilla,ES,student,2021-01-24
959,Rui,Martins,Málaga,ES,professional,2022-05-29
960,Marco,Martins,Faro,PT,professional,2021-01-11
961,Carmen,Martins,Bilbao,ES,casual,2022-03-17
962,Marta,Jesus,Évora,PT,professional,2022-06-22
963,Isabel,Silva,Porto,PT,casual,2021-07-17
964,Carlos,Costa,Madrid,ES,casual,2021-09-09
965,Rui,García,Madrid,ES,student,2022-01-15
966,Carmen,Martínez,Aveiro,PT,professional,2022-07-12
967,Rosa,Sánchez,Coimbra,PT,business,2022-04-15
968,João,Santos,Leiria,PT,professional,2022-01-09
969,Rui,Costa,Madrid,ES,business,2022-01-20
970,Carmen,González,Faro,PT,casual,2022-03-21
971,Lucia,Ferreira,Zaragoza,ES,casual,2022-10-19
972,Marco,Ferreira,Bilbao,ES,professional,2021-08-10
973,André,Silva,Barcelona,ES,professional,2022-02-27
974,André,González,Faro,PT,business,2022-04-24
975,Diogo,Martínez,Madrid,ES,business,2021-11-01
976,Luísa,Jesus,Coimbra,PT,professional,2021-09-12
977,Rui,Pereira,Lisboa,PT,professional,2022-06-11
978,Lucia,Jesus,Málaga,ES,business,2021-12-23
979,Beatriz,Ferreira,Braga,PT,business,2021-07-10
980,Nuno,Rodrigues,Funchal,PT,student,2022-02-10
981,Miguel,Fernández,Setúbal,PT,casual,2021-03-16
982,Inês,Oliveira,Aveiro,PT,student,2021-07-02
983,Pedro,Martínez,Alicante,ES,business,2021-04-17
984,Pablo,Jesus,Bilbao,ES,professional,2022-12-27
985,Nuno,Martins,Coimbra,PT,business,2021-01-11
986,Fernando,Oliveira,Aveiro,PT,casual,2021-08-13
987,Catarina,Sánchez,Porto,PT,professional,2022-04-02
988,Sara,Rodrigues,Bilbao,ES,professional,2021-10-13
989,Rafael,Costa,Faro,PT,student,2021-12-24
990,Filipa,López,Bilbao,ES,casual,2022-09-01
991,Pablo,González,Lisboa,PT,professional,2022-01-14
992,Marco,Jesus,Porto,PT,student,2021-12-30
993,Nuno,González,Braga,PT,student,2021-12-14
994,Ricardo,Oliveira,Alicante,ES,professional,2021-11-09
995,Rui,Rodrigues,Faro,PT,business,2022-01-29
996,João,Sánchez,Funchal,PT,student,2022-09-12
997,João,Santos,Alicante,ES,student,2021-08-08
998,Elena,Costa,Braga,PT,student,2022-06-27
999,Ricardo,Pereira,Valencia,ES,professional,2022-03-13
1000,Carlos,Sánchez,Évora,PT,business,2021-05-30
1001,Rui,Oliveira,Aveiro,PT,casual,2022-01-04
1002,Isabel,Oliveira,Zaragoza,ES,professional,2022-12-14
1003,Lucia,Sousa,Braga,PT,student,2021-03-08
1004,Elena,López,Barcelona,ES,business,2022-09-26
1005,Luísa,Pereira,Sevilla,ES,professional,2021-05-22
1006,Maria,Oliveira,Braga,PT,professional,2022-04-18
1007,Inês,García,Leiria,PT,student,2021-01-13
1008,Miguel,Jesus,Funchal,PT,student,2021-08-21
1009,Pedro,Santos,Zaragoza,ES,professional,2022-12-20
1010,Rafael,Jesus,Porto,PT,student,2021-10-22
1011,Lucia,Fernández,Madrid,ES,business,2021-05-15
1012,Ana,Fernández,Málaga,ES,student,2022-05-04
1013,Diego,Sousa,Sevilla,ES,professional,2022-11-04
1014,Sofia,Sousa,Setúbal,PT,professional,2021-11-12
1015,Rui,Sousa,Setúbal,PT,professional,2022-03-03
1016,André,Rodrigues,Lisboa,PT,business,2021-10-26
1017,Ricardo,Costa,Málaga,ES,student,2022-12-25
1018,Carlos,González,Málaga,ES,casual,2021-04-15
1019,Elena,Ferreira,Évora,PT,casual,2021-09-16
1020,Inês,González,Aveiro,PT,professional,2021-02-03
1021,Isabel,Martínez,Funchal,PT,casual,2021-02-26
1022,Diego,García,Porto,PT,professional,2022-10-26
1023,Pablo,Martins,Valencia,ES,professional,2021-02-09
1024,Ana,Rodrigues,Faro,PT,casual,2021-02-28
1025,Miguel,Sousa,Évora,PT,student,2021-11-05
1026,Filipa,Costa,Barcelona,ES,business,2021-08-08
1027,Pedro,Ferreira,Funchal,PT,professional,2021-03-06
1028,Nuno,Martínez,Faro,PT,business,2021-09-13
1029,João,Sánchez,Madrid,ES,professional,2021-11-29
1030,Catarina,González,Porto,PT,professional,2022-11-09
1031,Catarina,Martins,Funchal,PT,professional,2021-07-27
1032,Diego,Martins,Faro,PT,student,2022-07-28
1033,Diogo,Rodrigues,Valencia,ES,casual,2022-03-14
1034,Rosa,García,Coimbra,PT,business,2021-10-05
1035,Ana,Oliveira,Madrid,ES,student,2021-09-24
1036,Maria,Martínez,Porto,PT,professional,2022-03-08
1037,Rui,Ferreira,Alicante,ES,business,2022-07-22
1038,André,Ferreira,Setúbal,PT,casual,2021-09-10
1039,Sofia,Rodrigues,Madrid,ES,casual,2022-10-15
1040,Pedro,Sousa,Braga,PT,professional,2022-11-24
1041,Pablo,Silva,Málaga,ES,professional,2022-01-02
1042,Pedro,Fernández,Porto,PT,professional,2021-05-23
1043,André,Jesus,Évora,PT,casual,2022-03-22
1044,Pablo,Pereira,Coimbra,PT,professional,2021-07-30
1045,João,Fernández,Faro,PT,student,2021-04-25
1046,Nuno,Costa,Funchal,PT,professional,2022-03-15
1047,Inês,Santos,Coimbra,PT,casual,2022-06-30
1048,Rosa,Martínez,Porto,PT,business,2021-03-02
1049,Diego,Fernández,Sevilla,ES,professional,2021-10-11
1050,Miguel,Santos,Alicante,ES,professional,2022-07-09
1051,Pablo,Martínez,Madrid,ES,student,2021-10-15
1052,Diogo,López,Évora,PT,casual,2022-03-15
1053,Fernando,Oliveira,Zaragoza,ES,professional,2021-12-02
1054,Sofia,Martínez,Setúbal,PT,casual,2021-11-06
1055,Lucia,Martins,Bilbao,ES,student,2021-04-29
1056,Catarina,Santos,Aveiro,PT,business,2021-02-08
1057,Diego,Silva,Faro,PT,student,2021-12-04
1058,Diogo,Silva,Braga,PT,professional,2021-09-17
1059,Rui,Fernández,Aveiro,PT,student,2021-03-02
1060,Diego,Santos,Barcelona,ES,student,2022-04-04
1061,Maria,Martínez,Valencia,ES,student,2022-03-15
1062,Ricardo,Rodrigues,Lisboa,PT,student,2022-03-07
1063,André,García,Funchal,PT,professional,2022-01-24
1064,Marta,González,Aveiro,PT,professional,2022-01-10
1065,Fernando,Jesus,Bilbao,ES,business,2021-05-03
1066,Luísa,Oliveira,Leiria,PT,casual,2022-03-29
1067,João,Fernández,Setúbal,PT,professional,2022-12-26
1068,Luísa,Fernández,Zaragoza,ES,casual,2022-03-02
1069,Ricardo,González,Porto,PT,student,2022-02-23
1070,Rui,Jesus,Braga,PT,casual,2021-11-09
1071,Luísa,Fernández,Coimbra,PT,student,2022-08-22
1072,Elena,Rodrigues,Funchal,PT,professional,2021-08-23
1073,Filipa,Ferreira,Évora,PT,professional,2021-11-14
1074,Carmen,Martínez,Barcelona,ES,student,2022-01-08
1075,Ricardo,Ferreira,Leiria,PT,casual,2021-09-02
1076,Filipa,Jesus,Faro,PT,professional,2022-12-29
1077,Miguel,Santos,Alicante,ES,student,2022-09-10
1078,Rafael,Martínez,Faro,PT,casual,2021-11-24
1079,Beatriz,Santos,Lisboa,PT,business,2022-12-25
1080,Elena,Oliveira,Braga,PT,casual,2021-04-28
1081,Diogo,Costa,Braga,PT,business,2022-07-22
1082,Marco,García,Coimbra,PT,business,2021-01-14
1083,Tiago,Santos,Funchal,PT,business,2022-02-16
1084,Pedro,Fernández,Zaragoza,ES,casual,2021-10-22
1085,Lucia,López,Braga,PT,student,2021-08-12
1086,Filipa,Jesus,Aveiro,PT,student,2021-10-12
1087,Maria,Pereira,Málaga,ES,professional,2022-11-13
1088,André,Rodrigues,Barcelona,ES,professional,2022-10-22
1089,Luísa,Santos,Alicante,ES,professional,2021-02-10
1090,Sofia,Santos,Alicante,ES,casual,2021-06-10
1091,Beatriz,Pereira,Bilbao,ES,student,2022-11-12
1092,Rosa,Sánchez,Leiria,PT,student,2021-12-21
1093,Diogo,Jesus,Porto,PT,casual,2022-10-13
1094,Tiago,González,Funchal,PT,professional,2021-09-22
1095,Filipa,González,Leiria,PT,professional,2022-11-14
1096,Diego,Sousa,Madrid,ES,casual,2022-08-31
1097,Beatriz,Rodrigues,Leiria,PT,student,2022-03-06
1098,Marta,Jesus,Valencia,ES,business,2021-03-14
1099,Ricardo,Rodrigues,Braga,PT,business,2021-06-12
1100,Miguel,Jesus,Funchal,PT,casual,2022-11-26
1101,Rui,Sánchez,Faro,PT,professional,2022-06-19
1102,Pablo,Sánchez,Faro,PT,student,2022-09-11
1103,Marta,Rodrigues,Setúbal,PT,casual,2021-06-13
1104,Rafael,Martínez,Madrid,ES,student,2021-12-15
1105,Rui,Rodrigues,Setúbal,PT,casual,2021-02-06
1106,Marta,Martins,Porto,PT,professional,2022-06-16
1107,Sara,Jesus,Leiria,PT,student,2022-11-18
1108,João,González,Porto,PT,business,2022-11-25
1109,Tiago,Sousa,Aveiro,PT,professional,2022-01-07
1110,Ana,Pereira,Évora,PT,professional,2021-11-29
1111,Carlos,Santos,Madrid,ES,casual,2022-07-07
1112,Filipa,Ferreira,Lisboa,PT,student,2022-07-26
1113,Tiago,Sánchez,Aveiro,PT,student,2022-07-22
1114,Rafael,Rodrigues,Alicante,ES,professional,2021-01-14
1115,Tiago,Sousa,Coimbra,PT,business,2021-11-08
1116,Elena,López,Braga,PT,professional,2022-04-17
1117,Elena,Jesus,Alicante,ES,business,2021-02-04
1118,Rui,Silva,Setúbal,PT,professional,2021-07-10
1119,Rosa,Sánchez,Faro,PT,casual,2022-03-13
1120,Marta,Oliveira,Coimbra,PT,casual,2022-10-11
1121,Isabel,Ferreira,Funchal,PT,business,2022-12-02
1122,Catarina,Jesus,Sevilla,ES,casual,2021-03-04
1123,Beatriz,López,Alicante,ES,casual,2022-01-07
1124,Ana,Sousa,Faro,PT,professional,2021-05-07
1125,Diego,Costa,Málaga,ES,professional,2021-03-12
1126,Lucia,Santos,Bilbao,ES,professional,2022-03-11
1127,Pedro,Pereira,Setúbal,PT,professional,2022-07-21
1128,Sofia,Oliveira,Évora,PT,professional,2021-07-06
1129,Ricardo,Sánchez,Sevilla,ES,business,2022-05-27
1130,Filipa,Sousa,Funchal,PT,business,2021-10-25
1131,Carmen,López,Funchal,PT,student,2021-01-19
1132,André,Ferreira,Zaragoza,ES,professional,2021-05-26
1133,André,Rodrigues,Faro,PT,business,2022-12-07
1134,Ana,Sánchez,Leiria,PT,professional,2022-09-16
1135,Marta,Rodrigues,Évora,PT,casual,2021-03-12
1136,Sara,López,Madrid,ES,casual,2021-02-09
1137,Isabel,Fernández,Setúbal,PT,business,2021-11-24
1138,Marco,Santos,Aveiro,PT,professional,2022-08-18
1139,Rafael,González,Funchal,PT,student,2022-01-05
1140,Pablo,Sánchez,Porto,PT,student,2022-04-17
1141,Luísa,Santos,Barcelona,ES,business,2022-03-04
1142,Maria,Oliveira,Coimbra,PT,student,2022-09-01
1143,Miguel,Sánchez,Coimbra,PT,professional,2022-02-10
1144,João,Silva,Barcelona,ES,business,2021-02-10
1145,Pedro,Martínez,Braga,PT,professional,2021-05-08
1146,Rui,Sousa,Alicante,ES,student,2021-04-22
1147,André,Jesus,Barcelona,ES,casual,2022-08-08
1148,Sofia,Jesus,Sevilla,ES,business,2022-03-21
1149,Lucia,Fernández,Zaragoza,ES,business,2021-04-23
1150,Sara,Ferreira,Porto,PT,student,2022-10-12
1151,André,Sánchez,Porto,PT,professional,2022-04-15
1152,Fernando,Pereira,Lisboa,PT,student,2021-01-19
1153,Maria,Ferreira,Sevilla,ES,casual,2022-08-11
1154,Carmen,Sánchez,Évora,PT,student,2021-06-02
1155,João,Sánchez,Leiria,PT,student,2022-09-19
1156,Carlos,Silva,Porto,PT,business,2022-12-07
1157,André,Fernández,Funchal,PT,student,2022-11-10
1158,Ana,Fernández,Setúbal,PT,business,2022-11-22
1159,Sara,López,Braga,PT,business,2022-09-15
1160,Nuno,Sánchez,Alicante,ES,student,2022-11-08
1161,Tiago,Oliveira,Évora,PT,professional,2022-04-25
1162,João,Sánchez,Leiria,PT,professional,2021-04-26
1163,Rafael,Martínez,Barcelona,ES,professional,2022-06-22
1164,Luísa,López,Barcelona,ES,professional,2022-02-14
1165,Carmen,Sousa,Funchal,PT,professional,2021-01-28
1166,Ricardo,Jesus,Bilbao,ES,professional,2021-02-21
1167,André,Ferreira,Bilbao,ES,professional,2021-09-20
1168,Rosa,García,Madrid,ES,professional,2022-03-06
1169,André,Sousa,Évora,PT,casual,2021-02-08
1170,Filipa,Sousa,Zaragoza,ES,casual,2021-09-18
1171,Elena,Rodrigues,Coimbra,PT,student,2021-12-07
1172,Lucia,Santos,Bilbao,ES,student,2021-01-23
1173,Elena,Costa,Barcelona,ES,casual,2021-12-20
1174,Inês,Ferreira,Lisboa,PT,student,2021-03-10
1175,Marco,López,Faro,PT,business,2022-06-16
1176,Miguel,Fernández,Leiria,PT,business,2021-02-20
1177,Pedro,Rodrigues,Madrid,ES,professional,2022-06-05
1178,Ricardo,Silva,Porto,PT,business,2022-07-19
1179,Marta,González,Leiria,PT,professional,2022-09-25
1180,Sofia,Santos,Aveiro,PT,student,2022-11-16
1181,Isabel,Oliveira,Setúbal,PT,business,2021-07-18
1182,Lucia,Oliveira,Porto,PT,professional,2021-03-01
1183,Diogo,Santos,Leiria,PT,professional,2022-10-28
1184,Diogo,Jesus,Bilbao,ES,student,2021-01-10
1185,Fernando,González,Málaga,ES,professional,2022-12-29
1186,Elena,Martins,Braga,PT,professional,2021-11-18
1187,Fernando,Rodrigues,Funchal,PT,business,2022-04-18
1188,André,Ferreira,Aveiro,PT,business,2021-06-04
1189,João,Martínez,Alicante,ES,casual,2022-06-18
1190,Miguel,Ferreira,Bilbao,ES,professional,2021-09-22
1191,Sara,Silva,Alicante,ES,business,2021-01-18
1192,Sofia,García,Funchal,PT,student,2021-01-23
1193,Marta,Sánchez,Zaragoza,ES,professional,2021-10-22
1194,Diogo,Costa,Sevilla,ES,student,2021-05-30
1195,Beatriz,Silva,Sevilla,ES,professional,2022-04-14
1196,Pablo,Fernández,Valencia,ES,casual,2022-07-21
1197,Elena,Santos,Barcelona,ES,casual,2021-10-07
1198,Diego,Oliveira,Bilbao,ES,student,2022-12-21
1199,Lucia,Sánchez,Lisboa,PT,professional,2021-03-03
1200,Inês,Jesus,Setúbal,PT,student,2022-09-22
1201,Diogo,Sánchez,Alicante,ES,professional,2021-11-13
1202,Fernando,Pereira,Madrid,ES,student,2021-05-12
1203,Maria,Sánchez,Leiria,PT,professional,2022-10-21
1204,Elena,Ferreira,Leiria,PT,casual,2021-02-15
1205,Tiago,Martínez,Barcelona,ES,professional,2022-11-20
1206,Marta,López,Funchal,PT,student,2021-07-24
1207,Elena,Rodrigues,Málaga,ES,professional,2022-10-23
1208,Marta,Martínez,Leiria,PT,professional,2021-06-23
1209,Luísa,González,Alicante,ES,student,2022-03-20
1210,André,Pereira,Zaragoza,ES,professional,2021-05-18
1211,Filipa,García,Setúbal,PT,business,2022-11-19
1212,Miguel,Fernández,Alicante,ES,student,2022-10-21
1213,Elena,García,Coimbra,PT,student,2021-10-08
1214,Fernando,Fernández,Lisboa,PT,professional,2022-09-02
1215,Maria,Silva,Zaragoza,ES,professional,2021-11-10
1216,Ricardo,Rodrigues,Málaga,ES,professional,2022-10-31
1217,Lucia,González,Alicante,ES,casual,2021-01-08
1218,Carmen,López,Valencia,ES,student,2021-03-22
1219,Marco,Santos,Braga,PT,student,2021-12-04
1220,Diogo,García,Faro,PT,professional,2022-03-06
1221,Miguel,Oliveira,Lisboa,PT,casual,2021-09-21
1222,Inês,Rodrigues,Bilbao,ES,casual,2022-02-28
1223,Rosa,Martins,Setúbal,PT,student,2021-10-03
1224,Carmen,Rodrigues,Málaga,ES,business,2022-02-03
1225,Catarina,Costa,Málaga,ES,casual,2022-05-08
1226,Marta,García,Évora,PT,student,2022-07-09
1227,Lucia,Ferreira,Braga,PT,casual,2021-08-08
1228,Catarina,Pereira,Faro,PT,business,2021-04-18
1229,Filipa,Santos,Porto,PT,professional,2021-02-08
1230,Elena,Santos,Alicante,ES,student,2022-03-05
1231,Beatriz,Jesus,Madrid,ES,professional,2021-07-05
1232,Catarina,Sánchez,Coimbra,PT,professional,2021-09-11
1233,Filipa,Jesus,Leiria,PT,casual,2021-01-17
1234,Lucia,Sánchez,Alicante,ES,professional,2021-12-12
1235,Ricardo,Jesus,Porto,PT,business,2022-11-26
1236,Carmen,Silva,Alicante,ES,business,2021-04-06
1237,Sofia,Jesus,Funchal,PT,business,2021-06-19
1238,Rui,Martínez,Málaga,ES,student,2021-04-19
1239,Isabel,Pereira,Zaragoza,ES,professional,2021-04-13
1240,Pedro,Fernández,Porto,PT,casual,2021-12-05
1241,Ricardo,García,Faro,PT,business,2021-10-18
1242,Carmen,Ferreira,Sevilla,ES,student,2021-12-27
1243,Ana,Sousa,Lisboa,PT,casual,2022-09-22
1244,Rafael,García,Évora,PT,student,2022-04-23
1245,Nuno,Sousa,Bilbao,ES,professional,2022-07-03
1246,Maria,González,Braga,PT,business,2021-05-21
1247,Elena,Silva,Leiria,PT,student,2022-12-18
1248,Sofia,Sousa,Coimbra,PT,professional,2021-02-17
1249,Filipa,Santos,Sevilla,ES,professional,2021-12-07
1250,Marco,Ferreira,Leiria,PT,professional,2021-10-05
1251,João,Martínez,Porto,PT,student,2021-02-02
1252,Isabel,Martínez,Faro,PT,business,2022-04-22
1253,Lucia,Pereira,Aveiro,PT,student,2022-06-20
1254,Miguel,Fernández,Coimbra,PT,casual,2022-10-06
1255,Beatriz,Rodrigues,Madrid,ES,professional,2021-12-23
1256,Pablo,Martínez,Funchal,PT,business,2021-11-01
1257,Beatriz,Fernández,Braga,PT,casual,2022-05-14
1258,Tiago,Silva,Coimbra,PT,business,2022-05-29
1259,Isabel,Pereira,Coimbra,PT,professional,2022-03-11
1260,Beatriz,Rodrigues,Porto,PT,casual,2021-08-29
1261,Pedro,Sánchez,Sevilla,ES,casual,2022-10-10
1262,Sofia,Santos,Évora,PT,professional,2021-03-27
1263,Fernando,Rodrigues,Funchal,PT,casual,2022-08-31
1264,Tiago,Sánchez,Évora,PT,student,2022-08-27
1265,João,Sánchez,Coimbra,PT,student,2022-12-21
1266,Ana,Pereira,Évora,PT,student,2022-02-14
1267,Diego,González,Madrid,ES,business,2021-09-03
1268,Miguel,Sánchez,Leiria,PT,casual,2022-04-16
1269,Rafael,López,Leiria,PT,student,2022-08-24
1270,Miguel,López,Sevilla,ES,student,2022-06-15
1271,Elena,Fernández,Aveiro,PT,student,2021-07-12
1272,Tiago,Martínez,Coimbra,PT,professional,2021-09-08
1273,Sara,Costa,Alicante,ES,student,2021-08-03
1274,Diogo,Silva,Porto,PT,professional,2022-12-06
1275,Carlos,Pereira,Sevilla,ES,professional,2021-08-14
1276,Diego,Martínez,Málaga,ES,student,2021-09-17
1277,Carlos,Rodrigues,Porto,PT,casual,2021-09-02
1278,Catarina,García,Braga,PT,professional,2021-10-17
1279,Rui,Sousa,Coimbra,PT,business,2022-06-02
1280,Sara,Silva,Porto,PT,casual,2022-08-10
1281,André,Sánchez,Lisboa,PT,student,2022-09-04
1282,Fernando,Santos,Braga,PT,casual,2021-03-29
1283,Filipa,Martins,Alicante,ES,professional,2022-01-05
1284,Diego,González,Lisboa,PT,professional,2021-03-16
1285,João,Oliveira,Barcelona,ES,casual,2021-02-01
1286,Fernando,Pereira,Évora,PT,professional,2022-06-13
1287,Filipa,Martins,Setúbal,PT,professional,2021-09-04
1288,Marco,Oliveira,Coimbra,PT,student,2022-09-27
1289,Lucia,González,Setúbal,PT,casual,2022-03-10
1290,Diogo,Rodrigues,Braga,PT,casual,2022-06-13
1291,Nuno,Pereira,Faro,PT,casual,2022-11-23
1292,Inês,Rodrigues,Setúbal,PT,business,2021-07-03
1293,Isabel,Pereira,Valencia,ES,business,2021-10-30
1294,Ricardo,González,Lisboa,PT,casual,2022-10-19
1295,Tiago,Silva,Málaga,ES,student,2021-07-14
1296,Ricardo,Jesus,Valencia,ES,student,2021-10-09
1297,Beatriz,Costa,Valencia,ES,student,2022-10-13
1298,Miguel,García,Leiria,PT,student,2021-10-09
1299,Pablo,Rodrigues,Alicante,ES,professional,2021-01-19
1300,Lucia,Martins,Lisboa,PT,professional,2022-05-26
1301,Inês,Martínez,Leiria,PT,casual,2021-02-06
1302,Marta,Sánchez,Porto,PT,professional,2021-09-08
1303,Miguel,Silva,Funchal,PT,business,2021-04-16
1304,Ricardo,Oliveira,Aveiro,PT,professional,2021-10-20
1305,André,Rodrigues,Bilbao,ES,professional,2021-07-16
1306,Rosa,Sousa,Valencia,ES,professional,2021-07-28
1307,João,Costa,Porto,PT,student,2021-05-08
1308,Beatriz,González,Setúbal,PT,casual,2021-11-29
1309,Rafael,Sousa,Málaga,ES,professional,2021-06-07
1310,Isabel,Martínez,Madrid,ES,casual,2022-05-18
1311,Marta,Santos,Barcelona,ES,student,2022-12-26
1312,Pedro,Martins,Funchal,PT,student,2022-03-27
1313,Nuno,Pereira,Zaragoza,ES,casual,2021-05-25
1314,Rosa,Jesus,Évora,PT,professional,2021-02-12
1315,Sofia,García,Alicante,ES,casual,2021-05-07
1316,Diogo,Pereira,Évora,PT,casual,2021-09-02
1317,Rui,Rodrigues,Faro,PT,professional,2021-04-07
1318,Fernando,García,Sevilla,ES,casual,2021-08-31
1319,João,Ferreira,Lisboa,PT,professional,2022-03-14
1320,Fernando,Silva,Funchal,PT,student,2021-10-08
1321,João,García,Barcelona,ES,casual,2021-07-04
1322,Filipa,Santos,Zaragoza,ES,professional,2021-02-13
1323,Tiago,Silva,Faro,PT,student,2022-06-28
1324,Elena,Costa,Porto,PT,professional,2021-10-25
1325,Isabel,Jesus,Alicante,ES,casual,2022-04-01
1326,Rui,Silva,Faro,PT,casual,2022-07-16
1327,Marco,González,Barcelona,ES,student,2021-05-01
1328,Luísa,López,Alicante,ES,business,2022-06-07
1329,Ana,Sánchez,Porto,PT,professional,2021-10-19
1330,João,López,Évora,PT,student,2022-11-21
1331,Inês,Jesus,Braga,PT,professional,2021-07-01
1332,Rui,Fernández,Setúbal,PT,casual,2021-01-08
1333,Diogo,Martins,Bilbao,ES,professional,2021-04-21
1334,Diego,Oliveira,Évora,PT,professional,2022-02-03
1335,Rafael,García,Funchal,PT,student,2022-06-06
1336,Marta,Sánchez,Málaga,ES,business,2022-06-24
1337,Catarina,Ferreira,Bilbao,ES,professional,2021-01-05
1338,Carlos,Sousa,Porto,PT,student,2022-07-09
1339,Nuno,Martins,Évora,PT,business,2021-05-10
1340,Isabel,Ferreira,Valencia,ES,student,2022-02-26
1341,Carmen,Rodrigues,Évora,PT,casual,2021-03-18
1342,Lucia,Santos,Aveiro,PT,professional,2022-02-12
1343,Isabel,Sánchez,Sevilla,ES,business,2022-02-21
1344,Elena,López,Setúbal,PT,student,2022-07-31
1345,Marco,Rodrigues,Évora,PT,professional,2021-06-27
1346,Catarina,Sousa,Bilbao,ES,business,2022-07-18
1347,Catarina,Santos,Zaragoza,ES,student,2022-04-08
1348,Miguel,González,Funchal,PT,casual,2022-03-10
1349,Maria,Oliveira,Funchal,PT,casual,2022-10-22
1350,Fernando,Sousa,Coimbra,PT,professional,2022-10-12
1351,Rafael,Fernández,Faro,PT,professional,2022-01-24
1352,Pedro,Martínez,Alicante,ES,casual,2022-08-28
1353,João,Martins,Bilbao,ES,business,2021-04-06
1354,Marta,Ferreira,Madrid,ES,professional,2022-06-07
1355,Luísa,Fernández,Madrid,ES,casual,2022-08-26
1356,Filipa,Sousa,Funchal,PT,student,2021-04-12
1357,Carmen,Jesus,Évora,PT,casual,2021-01-01
1358,Tiago,Santos,Valencia,ES,business,2021-11-19
1359,Lucia,Jesus,Lisboa,PT,student,2021-04-01
1360,Carlos,García,Évora,PT,student,2021-12-17
1361,Fernando,López,Leiria,PT,business,2022-12-13
1362,Marco,González,Zaragoza,ES,student,2022-07-24
1363,Carlos,García,Setúbal,PT,casual,2022-09-18
1364,Carmen,Costa,Alicante,ES,professional,2022-12-24
1365,Miguel,Rodrigues,Setúbal,PT,student,2022-06-21
1366,Tiago,González,Madrid,ES,professional,2021-08-05
1367,Sara,Ferreira,Madrid,ES,professional,2022-03-10
1368,Nuno,Fernández,Setúbal,PT,casual,2021-04-29
1369,Catarina,Sousa,Faro,PT,professional,2021-03-10
1370,Nuno,Pereira,Coimbra,PT,casual,2021-07-10
1371,Luísa,Martins,Setúbal,PT,student,2021-07-18
1372,Catarina,Ferreira,Zaragoza,ES,casual,2021-01-15
1373,Filipa,López,Alicante,ES,professional,2022-05-11
1374,Carmen,Rodrigues,Lisboa,PT,student,2021-04-26
1375,Luísa,Sánchez,Aveiro,PT,professional,2021-11-27
1376,Pedro,González,Bilbao,ES,professional,2021-03-11
1377,Pedro,Oliveira,Madrid,ES,casual,2021-11-11
1378,Isabel,Rodrigues,Aveiro,PT,student,2021-07-20
1379,Isabel,García,Évora,PT,professional,2021-10-21
1380,João,Rodrigues,Setúbal,PT,business,2022-07-20
1381,Marco,Sánchez,Bilbao,ES,student,2022-06-01
1382,Nuno,Oliveira,Madrid,ES,professional,2021-08-13
1383,Ana,González,Barcelona,ES,professional,2022-05-12
1384,Pedro,Pereira,Zaragoza,ES,casual,2021-11-09
1385,Nuno,González,Leiria,PT,casual,2022-11-09
1386,Lucia,Fernández,Leiria,PT,casual,2022-04-01
1387,Marta,González,Setúbal,PT,casual,2022-05-30
1388,Rafael,Santos,Faro,PT,professional,2021-02-14
1389,Ana,García,Setúbal,PT,casual,2021-09-05
1390,Maria,Martínez,Évora,PT,student,2021-06-23
1391,Carlos,Fernández,Málaga,ES,business,2021-09-19
1392,Marta,Ferreira,Funchal,PT,student,2021-10-17
1393,Maria,Rodrigues,Leiria,PT,business,2022-04-13
1394,Rafael,Silva,Coimbra,PT,student,2021-10-22
1395,Sofia,Ferreira,Porto,PT,student,2022-11-27
1396,Carlos,García,Braga,PT,casual,2021-01-24
1397,Sara,López,Bilbao,ES,professional,2021-08-24
1398,Lucia,García,Coimbra,PT,student,2021-12-14
1399,Ricardo,Oliveira,Leiria,PT,professional,2021-01-18
1400,Pablo,Santos,Braga,PT,professional,2021-09-11
1401,Tiago,Costa,Málaga,ES,business,2022-02-18
1402,Tiago,Rodrigues,Valencia,ES,business,2022-07-18
1403,Tiago,Silva,Coimbra,PT,student,2021-05-10
1404,Sara,Silva,Aveiro,PT,professional,2021-03-28
1405,Nuno,Silva,Valencia,ES,professional,2021-07-31
1406,André,Pereira,Évora,PT,business,2021-03-23
1407,Tiago,Martins,Alicante,ES,casual,2021-06-22
1408,Marco,Fernández,Málaga,ES,casual,2022-07-09
1409,Sara,Ferreira,Coimbra,PT,professional,2021-09-01
1410,Pablo,Martínez,Barcelona,ES,business,2022-05-05
1411,Ana,Fernández,Faro,PT,professional,2021-06-19
1412,Ana,Santos,Valencia,ES,student,2022-03-20
1413,Diego,Costa,Setúbal,PT,professional,2021-11-27
1414,Rui,Martins,Madrid,ES,business,2021-01-21
1415,Inês,Rodrigues,Bilbao,ES,business,2021-11-06
1416,André,Santos,Évora,PT,casual,2021-08-03
1417,Sara,Silva,Bilbao,ES,professional,2022-03-03
1418,Fernando,Sánchez,Faro,PT,casual,2021-09-08
1419,Miguel,Rodrigues,Aveiro,PT,professional,2021-09-22
1420,Carmen,López,Sevilla,ES,student,2022-09-04
1421,Ricardo,González,Sevilla,ES,casual,2021-12-20
1422,Sofia,Silva,Braga,PT,business,2022-03-17
1423,Filipa,Jesus,Bilbao,ES,casual,2022-03-25
1424,Marco,Silva,Coimbra,PT,professional,2021-07-07
1425,Fernando,Sousa,Valencia,ES,professional,2021-04-28
1426,Rafael,Costa,Alicante,ES,casual,2021-04-06
1427,Diogo,Pereira,Madrid,ES,business,2022-11-13
1428,Diogo,Martins,Funchal,PT,professional,2022-12-25
1429,Diego,Silva,Funchal,PT,professional,2021-01-04
1430,Ana,Martínez,Aveiro,PT,casual,2021-12-07
1431,Rui,Martins,Lisboa,PT,casual,2021-09-02
1432,Diogo,Pereira,Setúbal,PT,student,2021-06-17
1433,Catarina,Martínez,Faro,PT,professional,2022-12-09
1434,Inês,Pereira,Alicante,ES,casual,2021-01-29
1435,Pablo,Oliveira,Madrid,ES,student,2021-03-08
1436,Rosa,Ferreira,Lisboa,PT,student,2022-12-10
1437,Ana,Sánchez,Faro,PT,professional,2021-01-06
1438,Luísa,Jesus,Lisboa,PT,professional,2022-01-25
1439,Filipa,López,Sevilla,ES,student,2021-03-14
1440,Rui,Martins,Faro,PT,casual,2022-08-01
1441,Filipa,González,Faro,PT,professional,2022-11-10
1442,Carlos,Martins,Bilbao,ES,business,2022-03-16
1443,Filipa,Oliveira,Évora,PT,student,2022-06-16
1444,Nuno,Oliveira,Braga,PT,casual,2022-07-24
1445,Tiago,Sousa,Braga,PT,casual,2022-04-02
1446,Diogo,Ferreira,Sevilla,ES,professional,2021-12-29
1447,André,González,Valencia,ES,professional,2022-03-07
1448,Beatriz,Sánchez,Sevilla,ES,business,2022-10-11
1449,Inês,Oliveira,Setúbal,PT,professional,2022-08-22
1450,Tiago,Costa,Évora,PT,casual,2021-10-19
1451,Pedro,Oliveira,Aveiro,PT,business,2022-12-09
1452,Diogo,Sánchez,Évora,PT,casual,2021-07-18
1453,Filipa,González,Porto,PT,student,2022-03-24
1454,Ana,González,Aveiro,PT,professional,2022-05-18
1455,Rosa,Martins,Zaragoza,ES,casual,2021-04-20
1456,Sara,Martins,Madrid,ES,student,2022-09-24
1457,Beatriz,Santos,Bilbao,ES,casual,2021-02-16
1458,Pedro,Rodrigues,Coimbra,PT,professional,2022-02-04
1459,Ricardo,Sousa,Funchal,PT,professional,2022-07-31
1460,Rafael,González,Porto,PT,casual,2021-02-26
1461,Ricardo,Fernández,Setúbal,PT,casual,2021-07-25
1462,Marta,Sánchez,Madrid,ES,casual,2022-02-19
1463,Ana,Costa,Évora,PT,business,2022-06-06
1464,Pedro,Martins,Aveiro,PT,student,2021-07-09
1465,Filipa,Sánchez,Alicante,ES,professional,2021-11-26
1466,Tiago,García,Madrid,ES,casual,2021-03-29
1467,Rui,Costa,Porto,PT,professional,2022-03-15
1468,Carmen,Santos,Porto,PT,casual,2022-04-11
1469,Sofia,Ferreira,Évora,PT,casual,2021-02-01
1470,João,Martínez,Bilbao,ES,professional,2022-10-05
1471,Pedro,Sánchez,Lisboa,PT,casual,2021-01-01
1472,Fernando,Costa,Funchal,PT,business,2022-12-15
1473,Tiago,Costa,Lisboa,PT,professional,2022-02-21
1474,Inês,Santos,Zaragoza,ES,casual,2022-04-21
1475,Marta,González,Aveiro,PT,casual,2021-07-04
1476,Luísa,Sousa,Coimbra,PT,casual,2021-07-13
1477,Diego,García,Lisboa,PT,casual,2021-03-30
1478,Filipa,Santos,Coimbra,PT,casual,2021-11-03
1479,Carmen,Pereira,Coimbra,PT,student,2022-08-20
1480,Maria,López,Setúbal,PT,casual,2021-11-07
1481,Inês,Oliveira,Barcelona,ES,student,2022-07-25
1482,Filipa,Rodrigues,Funchal,PT,student,2022-02-07
1483,Beatriz,Ferreira,Faro,PT,professional,2022-09-20
1484,Ricardo,González,Porto,PT,professional,2021-10-01
1485,Filipa,Sánchez,Braga,PT,student,2021-01-12
1486,Rosa,López,Setúbal,PT,professional,2021-02-16
1487,Pedro,Oliveira,Aveiro,PT,student,2022-05-26
1488,Elena,Martínez,Sevilla,ES,professional,2022-04-24
1489,Luísa,Sánchez,Zaragoza,ES,business,2021-08-16
1490,André,Fernández,Faro,PT,student,2022-12-19
1491,Nuno,Costa,Madrid,ES,professional,2021-08-23
1492,Lucia,Costa,Porto,PT,casual,2022-12-23
1493,Isabel,González,Málaga,ES,business,2022-10-13
1494,Sara,García,Évora,PT,student,2021-01-12
1495,João,Costa,Madrid,ES,professional,2021-05-18
1496,João,Costa,Setúbal,PT,professional,2021-10-22
1497,Fernando,Rodrigues,Valencia,ES,professional,2021-02-06
1498,Nuno,Sousa,Zaragoza,ES,casual,2021-06-08
1499,Filipa,Rodrigues,Aveiro,PT,professional,2021-12-10
1500,Filipa,González,Leiria,PT,professional,2021-03-25
1501,Carlos,Fernández,Málaga,ES,casual,2022-04-11
1502,Ana,Ferreira,Braga,PT,professional,2021-10-28
1503,Sofia,Silva,Bilbao,ES,student,2022-06-14
1504,Ricardo,Sánchez,Alicante,ES,student,2022-02-04
1505,Fernando,López,Aveiro,PT,professional,2021-09-09
1506,Beatriz,González,Coimbra,PT,casual,2022-08-09
1507,Catarina,Martins,Braga,PT,casual,2022-04-09
1508,Tiago,González,Zaragoza,ES,student,2022-10-06
1509,Inês,Sánchez,Málaga,ES,professional,2021-12-28
1510,Pablo,Ferreira,Braga,PT,professional,2022-02-12
1511,Ricardo,Ferreira,Lisboa,PT,professional,2022-08-23
1512,Carmen,Fernández,Valencia,ES,student,2022-07-22
1513,Tiago,Silva,Aveiro,PT,student,2021-07-23
1514,Beatriz,García,Faro,PT,casual,2021-04-24
1515,Tiago,Pereira,Málaga,ES,student,2021-05-28
1516,Sofia,Oliveira,Braga,PT,professional,2022-03-14
1517,João,Fernández,Setúbal,PT,student,2021-02-16
1518,Inês,Costa,Madrid,ES,professional,2022-08-15
1519,Isabel,Martínez,Madrid,ES,student,2021-07-19
1520,Fernando,Sánchez,Alicante,ES,casual,2021-03-04
1521,Pablo,Costa,Lisboa,PT,casual,2021-05-12
1522,Rosa,López,Bilbao,ES,professional,2022-09-09
1523,Catarina,Rodrigues,Alicante,ES,professional,2021-07-14
1524,Miguel,López,Lisboa,PT,student,2022-11-12
1525,Pedro,Sánchez,Faro,PT,professional,2021-06-09
1526,Maria,Oliveira,Alicante,ES,casual,2022-04-27
1527,Isabel,Ferreira,Alicante,ES,professional,2021-06-29
1528,Rui,Pereira,Málaga,ES,business,2021-07-04
1529,Rafael,García,Braga,PT,student,2022-05-14
1530,Beatriz,Santos,Sevilla,ES,business,2022-02-13
1531,Diego,García,Braga,PT,business,2022-09-03
1532,Ana,Sousa,Porto,PT,casual,2022-07-04
1533,Carmen,Fernández,Sevilla,ES,professional,2021-12-14
1534,Tiago,González,Leiria,PT,casual,2021-05-03
1535,Luísa,González,Alicante,ES,student,2021-02-11
1536,João,García,Funchal,PT,business,2021-03-03
1537,Sara,Silva,Sevilla,ES,professional,2022-08-16
1538,Lucia,Sánchez,Évora,PT,student,2021-10-13
1539,Pedro,González,Aveiro,PT,casual,2021-12-08
1540,Inês,Oliveira,Lisboa,PT,student,2021-01-05
1541,Ricardo,Martins,Málaga,ES,professional,2021-07-01
1542,Rosa,González,Lisboa,PT,student,2021-03-22
1543,Rui,Costa,Coimbra,PT,business,2022-04-25
1544,Ana,López,Sevilla,ES,business,2022-01-11
1545,Rafael,Pereira,Aveiro,PT,casual,2022-03-24
1546,Pedro,Fernández,Évora,PT,professional,2021-08-14
1547,Marco,Fernández,Zaragoza,ES,professional,2022-08-23
1548,Lucia,Rodrigues,Setúbal,PT,student,2022-11-06
1549,Lucia,Pereira,Setúbal,PT,professional,2022-04-04
1550,Catarina,Fernández,Valencia,ES,business,2021-01-27
1551,Miguel,Costa,Faro,PT,casual,2022-12-15
1552,Ana,López,Évora,PT,professional,2022-11-27
1553,Rui,López,Setúbal,PT,casual,2021-11-11
1554,Isabel,Oliveira,Faro,PT,professional,2022-03-09
1555,Lucia,González,Sevilla,ES,student,2022-03-23
1556,Sofia,Martínez,Coimbra,PT,professional,2021-03-15
1557,Lucia,Sánchez,Lisboa,PT,professional,2021-04-18
1558,Catarina,Sousa,Málaga,ES,student,2022-12-31
1559,Lucia,García,Braga,PT,professional,2021-03-22
1560,Maria,García,Braga,PT,business,2021-08-08
1561,Nuno,Sousa,Madrid,ES,professional,2021-12-01
1562,Marta,Martins,Lisboa,PT,casual,2021-04-20
1563,Luísa,Sánchez,Lisboa,PT,casual,2021-12-16
1564,Carlos,González,Málaga,ES,student,2021-04-03
1565,Carmen,Silva,Bilbao,ES,casual,2022-04-01
1566,Diego,Ferreira,Valencia,ES,professional,2022-12-11
1567,Carlos,Costa,Valencia,ES,casual,2021-09-06
1568,Rosa,Silva,Lisboa,PT,student,2021-02-15
1569,Ana,Pereira,Sevilla,ES,business,2021-11-14
1570,Ricardo,Santos,Funchal,PT,casual,2021-08-05
1571,Tiago,Jesus,Bilbao,ES,casual,2021-02-22
1572,Rui,Sousa,Porto,PT,student,2021-03-14
1573,Sara,Pereira,Barcelona,ES,casual,2021-10-01
1574,Elena,Costa,Évora,PT,casual,2021-09-01
1575,Inês,Costa,Funchal,PT,professional,2022-10-26
1576,Marco,Pereira,Madrid,ES,professional,2022-07-29
1577,Beatriz,Martínez,Leiria,PT,professional,2021-10-21
1578,Miguel,Oliveira,Faro,PT,business,2022-03-24
1579,Luísa,Pereira,Málaga,ES,professional,2021-07-01
1580,Pablo,Silva,Funchal,PT,casual,2022-04-07
1581,Carmen,Sánchez,Sevilla,ES,business,2022-02-08
1582,Tiago,Martins,Faro,PT,professional,2021-02-11
1583,Miguel,García,Bilbao,ES,student,2021-01-14
1584,Fernando,López,Alicante,ES,student,2022-05-23
1585,Elena,García,Lisboa,PT,professional,2022-09-13
1586,Tiago,Rodrigues,Sevilla,ES,professional,2022-12-12
1587,Marta,Sánchez,Setúbal,PT,student,2022-12-14
1588,Nuno,González,Braga,PT,casual,2021-06-23
1589,Beatriz,Oliveira,Zaragoza,ES,casual,2022-11-22
1590,Miguel,Oliveira,Lisboa,PT,business,2022-12-19
1591,Pedro,Ferreira,Coimbra,PT,student,2021-08-03
1592,André,Oliveira,Évora,PT,casual,2022-09-13
1593,Luísa,Ferreira,Leiria,PT,professional,2021-12-05
1594,Ana,Pereira,Madrid,ES,casual,2021-03-23
1595,Fernando,Sousa,Alicante,ES,professional,2022-09-26
1596,Filipa,Sousa,Alicante,ES,student,2022-07-31
1597,Carlos,Jesus,Barcelona,ES,casual,2022-12-17
1598,Maria,Pereira,Málaga,ES,student,2021-06-07
1599,Diogo,Rodrigues,Alicante,ES,professional,2022-04-12
1600,Tiago,Santos,Évora,PT,business,2022-02-16
1601,Luísa,Santos,Leiria,PT,student,2021-01-03
1602,Ana,Sánchez,Faro,PT,professional,2021-08-11
1603,Maria,Sánchez,Setúbal,PT,professional,2021-07-10
1604,Lucia,Fernández,Sevilla,ES,casual,2022-08-28
1605,Luísa,González,Lisboa,PT,student,2021-06-01
1606,Catarina,Costa,Leiria,PT,casual,2022-12-18
1607,Marco,Sousa,Braga,PT,professional,2021-08-29
1608,João,Costa,Funchal,PT,professional,2021-01-24
1609,Pablo,Sánchez,Funchal,PT,professional,2021-04-23
1610,Carlos,González,Sevilla,ES,professional,2022-03-22
1611,Rui,Martins,Leiria,PT,professional,2022-01-22
1612,Pedro,Santos,Barcelona,ES,business,2022-04-02
1613,Diego,Ferreira,Leiria,PT,professional,2021-09-18
1614,Carmen,Martínez,Valencia,ES,student,2021-06-15
1615,Lucia,García,Málaga,ES,professional,2022-03-12
1616,Fernando,López,Aveiro,PT,casual,2021-03-19
1617,Isabel,Ferreira,Coimbra,PT,professional,2022-12-15
1618,Rui,Sánchez,Zaragoza,ES,business,2022-07-14
1619,Inês,López,Lisboa,PT,student,2022-10-26
1620,Pablo,Silva,Leiria,PT,professional,2021-03-08
1621,Ricardo,Rodrigues,Braga,PT,casual,2022-01-31
1622,André,Jesus,Lisboa,PT,professional,2022-05-21
1623,Pablo,Rodrigues,Évora,PT,casual,2022-09-25
1624,Pedro,Santos,Setúbal,PT,business,2022-02-23
1625,Fernando,Ferreira,Alicante,ES,student,2022-11-16
1626,Miguel,Rodrigues,Coimbra,PT,business,2021-12-11
1627,Lucia,Sánchez,Madrid,ES,casual,2022-03-22
1628,Rui,González,Málaga,ES,student,2021-08-08
1629,Pablo,Oliveira,Coimbra,PT,business,2021-05-12
1630,Ricardo,Rodrigues,Valencia,ES,student,2021-08-07
1631,Diego,Sousa,Porto,PT,professional,2021-02-07
1632,Carlos,López,Valencia,ES,business,2022-01-24
1633,Marco,Costa,Valencia,ES,professional,2021-07-30
1634,Miguel,Martínez,Faro,PT,professional,2021-12-10
1635,Sofia,López,Málaga,ES,student,2022-11-10
1636,André,Martínez,Valencia,ES,professional,2022-11-29
1637,Isabel,Oliveira,Lisboa,PT,casual,2021-10-17
1638,Maria,Ferreira,Zaragoza,ES,professional,2022-01-06
1639,Ana,Rodrigues,Leiria,PT,student,2021-03-14
1640,Carlos,Rodrigues,Coimbra,PT,business,2021-06-10
1641,Luísa,Sousa,Faro,PT,professional,2021-05-19
1642,Miguel,Santos,Lisboa,PT,business,2021-05-26
1643,Sara,Sousa,Funchal,PT,professional,2021-03-28
1644,Maria,Sousa,Porto,PT,professional,2021-10-28
1645,Pedro,Martínez,Funchal,PT,student,2021-11-12
1646,Rui,López,Coimbra,PT,casual,2022-04-18
1647,Diogo,Martínez,Málaga,ES,professional,2021-06-21
1648,Inês,Oliveira,Lisboa,PT,professional,2021-09-05
1649,Lucia,Sánchez,Porto,PT,student,2021-08-19
1650,Miguel,Santos,Aveiro,PT,student,2021-03-11
1651,Diogo,Martins,Porto,PT,business,2021-10-30
1652,Diogo,Fernández,Leiria,PT,casual,2022-12-01
1653,Pablo,Sánchez,Madrid,ES,student,2021-05-03
1654,Carlos,Sousa,Porto,PT,business,2022-09-13
1655,Carmen,Costa,Funchal,PT,business,2022-09-16
1656,Catarina,Martins,Aveiro,PT,professional,2022-02-11
1657,Diogo,Martins,Valencia,ES,professional,2021-11-21
1658,Isabel,Martins,Lisboa,PT,professional,2021-08-25
1659,Tiago,Jesus,Madrid,ES,student,2021-08-17
1660,André,Oliveira,Coimbra,PT,professional,2022-09-02
1661,João,Costa,Zaragoza,ES,business,2022-11-12
1662,Ana,Martínez,Barcelona,ES,student,2021-03-26
1663,Fernando,Santos,Funchal,PT,professional,2021-12-17
1664,Diego,Pereira,Barcelona,ES,student,2022-11-09
1665,Sara,Martins,Faro,PT,professional,2021-08-05
1666,Tiago,Silva,Madrid,ES,professional,2022-04-21
1667,Isabel,Jesus,Barcelona,ES,professional,2022-09-18
1668,Ricardo,Jesus,Funchal,PT,business,2021-10-08
1669,Diogo,Santos,Lisboa,PT,professional,2021-11-15
1670,Fernando,Fernández,Setúbal,PT,business,2022-10-20
1671,Filipa,Costa,Évora,PT,casual,2022-06-13
1672,Diego,Costa,Porto,PT,professional,2021-06-17
1673,Isabel,Sánchez,Faro,PT,student,2022-03-30
1674,Diego,Pereira,Barcelona,ES,student,2022-03-06
1675,André,Jesus,Madrid,ES,student,2021-12-01
1676,Rui,Sánchez,Barcelona,ES,student,2022-11-18
1677,Luísa,Silva,Valencia,ES,casual,2021-11-11
1678,Elena,Santos,Barcelona,ES,professional,2022-05-27
1679,Luísa,López,Braga,PT,professional,2022-02-09
1680,Beatriz,Sousa,Sevilla,ES,casual,2021-09-28
1681,Lucia,Silva,Barcelona,ES,professional,2021-09-24
1682,Miguel,García,Valencia,ES,casual,2022-07-15
1683,Sofia,Silva,Lisboa,PT,student,2021-06-06
1684,Carmen,Fernández,Setúbal,PT,casual,2022-06-15
1685,Luísa,Costa,Barcelona,ES,professional,2022-11-13
1686,Tiago,López,Sevilla,ES,casual,2021-10-08
1687,Marco,Martins,Funchal,PT,casual,2021-08-28
1688,Catarina,Silva,Aveiro,PT,casual,2021-11-04
1689,Maria,Santos,Barcelona,ES,student,2021-11-14
1690,Ricardo,Martins,Évora,PT,professional,2021-01-06
1691,Elena,García,Évora,PT,professional,2022-08-30
1692,André,Santos,Bilbao,ES,business,2021-05-06
1693,Ana,Martins,Aveiro,PT,casual,2022-01-19
1694,Catarina,Costa,Aveiro,PT,professional,2021-09-21
1695,Rosa,Santos,Funchal,PT,professional,2022-09-08
1696,Rosa,García,Coimbra,PT,professional,2021-01-20
1697,Marta,Ferreira,Porto,PT,casual,2022-08-03
1698,Nuno,González,Braga,PT,student,2021-03-23
1699,Sofia,Santos,Funchal,PT,professional,2022-09-17
1700,Luísa,Oliveira,Barcelona,ES,casual,2021-10-02
1701,Pablo,Rodrigues,Madrid,ES,student,2022-05-29
1702,Isabel,Santos,Porto,PT,casual,2021-03-30
1703,Miguel,Santos,Sevilla,ES,casual,2021-08-22
1704,Nuno,Jesus,Bilbao,ES,student,2022-06-18
1705,Rafael,Sánchez,Sevilla,ES,professional,2022-12-07
1706,Tiago,López,Funchal,PT,business,2021-04-05
1707,Rafael,Ferreira,Funchal,PT,professional,2022-10-01
1708,Inês,Martínez,Setúbal,PT,casual,2021-08-10
1709,Inês,Santos,Leiria,PT,professional,2021-10-06
1710,Ana,Jesus,Málaga,ES,casual,2021-02-08
1711,Ana,Ferreira,Málaga,ES,student,2021-04-06
1712,Sara,Silva,Faro,PT,casual,2022-01-28
1713,Fernando,Ferreira,Aveiro,PT,professional,2021-05-18
1714,Elena,Sousa,Évora,PT,professional,2022-06-23
1715,Filipa,Oliveira,Leiria,PT,business,2021-11-29
1716,Marta,Rodrigues,Sevilla,ES,casual,2021-07-28
1717,Rafael,Oliveira,Coimbra,PT,student,2021-12-18
1718,Sara,Martínez,Porto,PT,professional,2021-05-30
1719,Marta,Fernández,Évora,PT,casual,2022-10-24
1720,Lucia,Silva,Madrid,ES,student,2022-12-11
1721,Isabel,Fernández,Barcelona,ES,casual,2022-03-19
1722,Rosa,Oliveira,Lisboa,PT,student,2021-05-25
1723,Elena,Ferreira,Málaga,ES,student,2022-10-09
1724,Fernando,Ferreira,Porto,PT,student,2022-02-11
1725,Filipa,Martins,Lisboa,PT,professional,2022-06-30
1726,Rui,Fernández,Leiria,PT,casual,2021-03-25
1727,Ricardo,Martínez,Barcelona,ES,business,2021-11-28
1728,Ricardo,Oliveira,Funchal,PT,student,2022-09-29
1729,Pablo,Pereira,Coimbra,PT,professional,2022-04-28
1730,Isabel,Costa,Valencia,ES,professional,2021-07-13
1731,Carlos,Pereira,Porto,PT,student,2022-04-16
1732,Diogo,Santos,Lisboa,PT,business,2021-09-04
1733,Tiago,Silva,Funchal,PT,professional,2021-06-26
1734,Diego,Sánchez,Évora,PT,student,2022-06-13
1735,Fernando,Pereira,Málaga,ES,student,2021-07-02
1736,Diego,Rodrigues,Funchal,PT,casual,2022-01-29
1737,Inês,Jesus,Valencia,ES,casual,2021-04-30
1738,Diego,Sousa,Sevilla,ES,casual,2022-03-26
1739,Carlos,Silva,Porto,PT,casual,2021-08-19
1740,Lucia,Sousa,Aveiro,PT,student,2022-07-31
1741,André,Jesus,Lisboa,PT,student,2021-12-22
1742,Tiago,Santos,Valencia,ES,professional,2021-05-04
1743,Sofia,González,Bilbao,ES,casual,2021-09-06
1744,Carlos,Oliveira,Bilbao,ES,casual,2022-06-26
1745,Marco,Jesus,Aveiro,PT,casual,2022-10-12
1746,Nuno,López,Funchal,PT,student,2022-10-15
1747,Carmen,Pereira,Porto,PT,casual,2022-02-11
1748,Elena,Sánchez,Faro,PT,student,2021-04-15
1749,Sofia,Sánchez,Funchal,PT,professional,2021-11-01
1750,Maria,Silva,Leiria,PT,student,2022-11-30
1751,Nuno,Martins,Barcelona,ES,business,2022-08-28
1752,Fernando,Silva,Bilbao,ES,student,2022-02-06
1753,Fernando,Martins,Porto,PT,professional,2022-12-26
1754,Carlos,Santos,Barcelona,ES,professional,2022-07-12
1755,Marta,Sousa,Évora,PT,casual,2022-08-22
1756,Pedro,Silva,Madrid,ES,casual,2022-11-16
1757,Ricardo,Martínez,Setúbal,PT,business,2021-03-05
1758,Sara,Sousa,Braga,PT,casual,2022-01-23
1759,Rui,Martins,Alicante,ES,business,2022-11-16
1760,Miguel,Sousa,Aveiro,PT,professional,2022-11-08
1761,Ana,Silva,Évora,PT,casual,2021-07-11
1762,Rui,Sousa,Bilbao,ES,professional,2022-07-07
1763,Marta,González,Sevilla,ES,student,2022-07-11
1764,Sara,Santos,Porto,PT,casual,2022-06-29
1765,André,García,Funchal,PT,student,2022-12-07
1766,Carlos,Oliveira,Leiria,PT,professional,2021-07-18
1767,Diogo,Martínez,Madrid,ES,professional,2021-12-06
1768,Tiago,Ferreira,Porto,PT,student,2021-07-09
1769,Isabel,Sánchez,Setúbal,PT,professional,2021-06-30
1770,Catarina,Ferreira,Faro,PT,casual,2021-12-25
1771,Lucia,García,Funchal,PT,casual,2022-08-20
1772,Marta,Fernández,Funchal,PT,casual,2022-04-01
1773,Luísa,Ferreira,Lisboa,PT,professional,2021-01-21
1774,Sofia,Sousa,Aveiro,PT,professional,2022-06-15
1775,Inês,Costa,Évora,PT,student,2021-04-17
1776,Beatriz,Silva,Coimbra,PT,student,2022-03-15
1777,Carmen,Ferreira,Valencia,ES,casual,2022-01-18
1778,Carmen,Rodrigues,Alicante,ES,business,2022-09-01
1779,Luísa,Sánchez,Valencia,ES,professional,2021-07-07
1780,Marco,Oliveira,Setúbal,PT,student,2022-01-14
1781,Ricardo,Oliveira,Valencia,ES,professional,2021-07-12
1782,Lucia,Martins,Setúbal,PT,business,2022-04-23
1783,Beatriz,Sousa,Coimbra,PT,business,2021-11-29
1784,Carmen,Jesus,Alicante,ES,casual,2022-09-06
1785,Carlos,Sánchez,Barcelona,ES,casual,2021-02-05
1786,Carmen,Santos,Setúbal,PT,business,2021-07-06
1787,Maria,Santos,Madrid,ES,student,2021-11-26
1788,Nuno,Fernández,Málaga,ES,student,2021-06-18
1789,Beatriz,Costa,Faro,PT,casual,2021-03-21
1790,Marta,González,Alicante,ES,student,2022-11-07
1791,Isabel,Sousa,Faro,PT,student,2022-06-29
1792,Rafael,González,Faro,PT,student,2021-01-27
1793,Pedro,Oliveira,Madrid,ES,business,2021-06-03
1794,Rosa,Pereira,Funchal,PT,casual,2022-05-11
1795,Carlos,Silva,Setúbal,PT,business,2021-07-23
1796,Sara,Rodrigues,Coimbra,PT,casual,2022-12-02
1797,Rafael,Silva,Zaragoza,ES,business,2022-07-04
1798,Diogo,Costa,Funchal,PT,business,2022-11-01
1799,Ana,Pereira,Funchal,PT,casual,2021-07-19
1800,Tiago,Pereira,Braga,PT,business,2021-11-22
1801,Maria,Fernández,Málaga,ES,casual,2021-01-20
1802,Diego,Sousa,Málaga,ES,business,2022-07-31
1803,Tiago,Ferreira,Aveiro,PT,student,2022-07-11
1804,Lucia,Jesus,Bilbao,ES,student,2022-02-06
1805,Isabel,López,Braga,PT,student,2021-03-29
1806,Elena,González,Braga,PT,professional,2021-07-15
1807,Tiago,Martins,Sevilla,ES,casual,2021-12-30
1808,Sara,Rodrigues,Aveiro,PT,casual,2021-07-16
1809,Fernando,Jesus,Sevilla,ES,casual,2021-10-11
1810,Ana,López,Málaga,ES,professional,2022-10-28
1811,Carlos,Rodrigues,Aveiro,PT,professional,2022-02-23
1812,Sofia,López,Valencia,ES,student,2022-02-24
1813,Lucia,Martínez,Lisboa,PT,professional,2021-09-12
1814,Sofia,Jesus,Valencia,ES,casual,2021-12-24
1815,Miguel,Jesus,Setúbal,PT,professional,2022-02-24
1816,Rosa,Sousa,Leiria,PT,business,2021-04-09
1817,André,Pereira,Faro,PT,student,2021-05-19
1818,Ricardo,Jesus,Zaragoza,ES,professional,2021-01-15
1819,Marco,Costa,Setúbal,PT,casual,2021-05-26
1820,Marco,Sousa,Porto,PT,casual,2022-12-20
1821,Fernando,Fernández,Porto,PT,casual,2022-02-06
1822,Marco,Sánchez,Aveiro,PT,professional,2022-08-07
1823,Pablo,Santos,Madrid,ES,business,2022-03-20
1824,Diogo,Santos,Coimbra,PT,professional,2021-03-30
1825,Diogo,Martínez,Barcelona,ES,student,2021-04-18
1826,João,López,Lisboa,PT,student,2022-06-30
1827,Rui,Santos,Évora,PT,casual,2022-08-14
1828,Luísa,López,Alicante,ES,casual,2022-06-09
1829,Fernando,Sánchez,Porto,PT,professional,2021-10-24
1830,Miguel,Rodrigues,Setúbal,PT,professional,2022-07-26
1831,Elena,García,Valencia,ES,business,2021-05-16
1832,Rui,Oliveira,Braga,PT,business,2022-01-31
1833,Miguel,Santos,Lisboa,PT,business,2021-12-08
1834,André,Pereira,Évora,PT,casual,2022-04-17
1835,André,Costa,Coimbra,PT,casual,2021-12-01
1836,Rui,Martins,Porto,PT,business,2021-07-28
1837,Marta,Oliveira,Faro,PT,student,2021-08-19
1838,Miguel,Sousa,Zaragoza,ES,professional,2022-06-19
1839,Diogo,Fernández,Setúbal,PT,casual,2022-04-10
1840,Diogo,Jesus,Braga,PT,professional,2022-11-08
1841,Beatriz,Ferreira,Braga,PT,business,2022-07-07
1842,Filipa,Martins,Zaragoza,ES,business,2022-05-27
1843,Diogo,Silva,Funchal,PT,casual,2021-12-29
1844,Lucia,García,Coimbra,PT,casual,2021-09-15
1845,Diego,González,Alicante,ES,professional,2022-12-14
1846,Rosa,Rodrigues,Coimbra,PT,business,2021-02-26
1847,Tiago,Martínez,Bilbao,ES,professional,2021-09-24
1848,Fernando,Pereira,Lisboa,PT,student,2022-12-09
1849,João,Fernández,Braga,PT,student,2021-12-29
1850,Ana,Martínez,Zaragoza,ES,professional,2022-03-26
1851,Nuno,Oliveira,Évora,PT,student,2022-10-11
1852,Carmen,Martínez,Braga,PT,casual,2021-07-07
1853,Carlos,García,Faro,PT,casual,2021-02-07
1854,Miguel,Martínez,Valencia,ES,student,2022-01-18
1855,Rui,López,Lisboa,PT,casual,2021-12-23
1856,Diogo,Ferreira,Barcelona,ES,student,2022-10-01
1857,Carmen,Costa,Funchal,PT,professional,2021-03-13
1858,Beatriz,Ferreira,Leiria,PT,casual,2021-09-13
1859,Fernando,Rodrigues,Évora,PT,student,2022-01-08
1860,Beatriz,Ferreira,Alicante,ES,student,2022-10-07
1861,Inês,Sousa,Funchal,PT,professional,2022-07-04
1862,Isabel,Martins,Sevilla,ES,casual,2021-11-10
1863,Rafael,Sousa,Barcelona,ES,casual,2021-08-06
1864,Marta,Fernández,Leiria,PT,casual,2021-03-23
1865,Carlos,Rodrigues,Valencia,ES,professional,2021-06-02
1866,Rafael,Oliveira,Évora,PT,business,2021-01-21
1867,André,Sánchez,Valencia,ES,casual,2022-01-05
1868,Diogo,Rodrigues,Lisboa,PT,student,2022-10-15
1869,Carmen,Martínez,Lisboa,PT,casual,2022-06-23
1870,Lucia,Oliveira,Bilbao,ES,student,2022-08-30
1871,Diogo,Sánchez,Leiria,PT,professional,2022-07-24
1872,Elena,Fernández,Valencia,ES,business,2022-07-20
1873,André,López,Aveiro,PT,casual,2021-05-13
1874,Luísa,Jesus,Zaragoza,ES,professional,2022-10-09
1875,Lucia,Fernández,Coimbra,PT,casual,2022-06-13
1876,Fernando,López,Sevilla,ES,student,2021-01-27
1877,Diogo,Martínez,Málaga,ES,student,2022-03-02
1878,Lucia,González,Barcelona,ES,student,2021-08-25
1879,Rosa,Silva,Braga,PT,casual,2021-03-25
1880,Miguel,Martins,Leiria,PT,casual,2022-12-22
1881,Carmen,Ferreira,Aveiro,PT,casual,2022-12-19
1882,Pedro,Pereira,Coimbra,PT,business,2021-04-20
1883,Carlos,Ferreira,Alicante,ES,casual,2022-08-02
1884,Luísa,Costa,Leiria,PT,student,2022-03-01
1885,João,Sousa,Málaga,ES,student,2022-03-20
1886,Rafael,Costa,Évora,PT,casual,2022-07-07
1887,Sofia,Rodrigues,Málaga,ES,casual,2021-01-10
1888,Carlos,Fernández,Sevilla,ES,professional,2022-09-09
1889,Ricardo,Rodrigues,Setúbal,PT,student,2022-04-28
1890,Carlos,Jesus,Madrid,ES,professional,2022-09-03
1891,Filipa,Sánchez,Alicante,ES,student,2022-07-21
1892,Maria,García,Alicante,ES,business,2022-01-03
1893,Isabel,García,Madrid,ES,professional,2021-06-27
1894,Diego,Fernández,Setúbal,PT,professional,2022-07-31
1895,Catarina,Sánchez,Funchal,PT,business,2021-02-27
1896,Diogo,Sánchez,Funchal,PT,student,2022-03-24
1897,Inês,Jesus,Madrid,ES,professional,2022-04-07
1898,Elena,Rodrigues,Zaragoza,ES,student,2021-03-14
1899,Pablo,López,Aveiro,PT,casual,2021-12-19
1900,Diogo,Martínez,Málaga,ES,student,2021-01-16
1901,Carlos,Santos,Funchal,PT,casual,2021-11-12
1902,Nuno,Sousa,Zaragoza,ES,professional,2021-07-01
1903,Pablo,Rodrigues,Valencia,ES,casual,2022-08-26
1904,Miguel,Fernández,Bilbao,ES,casual,2021-05-04
1905,Sofia,Jesus,Coimbra,PT,business,2021-10-27
1906,Pedro,Jesus,Bilbao,ES,casual,2022-12-09
1907,Sofia,Rodrigues,Zaragoza,ES,casual,2022-08-19
1908,Rosa,Ferreira,Braga,PT,student,2021-06-06
1909,Maria,Santos,Porto,PT,casual,2022-01-11
1910,Elena,Sánchez,Lisboa,PT,professional,2021-11-02
1911,Maria,Costa,Funchal,PT,student,2021-10-28
1912,Ricardo,Costa,Málaga,ES,professional,2021-06-03
1913,Carmen,Jesus,Setúbal,PT,professional,2021-06-28
1914,Marta,Sánchez,Alicante,ES,casual,2021-11-22
1915,Ana,Ferreira,Funchal,PT,business,2021-01-11
1916,Ricardo,Ferreira,Madrid,ES,business,2022-12-01
1917,Beatriz,Martínez,Barcelona,ES,professional,2022-07-07
1918,Carlos,Ferreira,Alicante,ES,casual,2021-06-11
1919,Sofia,García,Faro,PT,professional,2022-07-28
1920,Maria,López,Faro,PT,business,2022-01-11
1921,Rui,Sánchez,Málaga,ES,professional,2021-11-18
1922,Pedro,Jesus,Zaragoza,ES,business,2021-04-21
1923,André,Martínez,Évora,PT,student,2022-11-03
1924,Marta,Ferreira,Setúbal,PT,business,2021-11-01
1925,Maria,Pereira,Alicante,ES,student,2021-05-07
1926,Tiago,Sousa,Barcelona,ES,professional,2022-09-14
1927,Pablo,Jesus,Aveiro,PT,business,2021-03-26
1928,Beatriz,Sánchez,Aveiro,PT,student,2021-12-08
1929,Ricardo,Jesus,Málaga,ES,professional,2022-10-12
1930,Isabel,Oliveira,Bilbao,ES,professional,2022-10-08
1931,Ana,López,Porto,PT,student,2022-12-21
1932,Inês,Santos,Setúbal,PT,casual,2021-03-23
1933,Tiago,Jesus,Faro,PT,student,2022-12-19
1934,Tiago,Rodrigues,Sevilla,ES,business,2022-12-28
1935,Carmen,Costa,Madrid,ES,professional,2021-06-05
1936,Filipa,Jesus,Alicante,ES,student,2021-04-24
1937,Marta,Rodrigues,Faro,PT,casual,2021-11-06
1938,Tiago,Martínez,Porto,PT,casual,2022-01-17
1939,André,Fernández,Leiria,PT,professional,2021-09-14
1940,Isabel,Ferreira,Sevilla,ES,business,2021-12-26
1941,Pedro,Silva,Aveiro,PT,professional,2021-11-20
1942,Rui,Jesus,Faro,PT,casual,2022-04-24
1943,Marco,García,Évora,PT,casual,2022-05-22
1944,Rui,Martins,Setúbal,PT,casual,2021-06-28
1945,Tiago,Oliveira,Alicante,ES,business,2022-03-28
1946,Nuno,González,Setúbal,PT,student,2022-04-13
1947,Lucia,García,Aveiro,PT,business,2021-09-28
1948,Luísa,González,Aveiro,PT,professional,2021-01-17
1949,Filipa,López,Évora,PT,student,2022-12-22
1950,Marta,Pereira,Faro,PT,casual,2021-04-17
1951,Rafael,Pereira,Lisboa,PT,student,2022-10-02
1952,André,Santos,Sevilla,ES,professional,2021-02-07
1953,Diego,Sousa,Madrid,ES,professional,2022-01-19
1954,Lucia,Fernández,Faro,PT,casual,2022-11-12
1955,Diogo,Martínez,Valencia,ES,professional,2021-09-29
1956,Sofia,Martins,Málaga,ES,student,2022-08-13
1957,Ricardo,Sousa,Leiria,PT,professional,2021-05-29
1958,Ana,Silva,Funchal,PT,professional,2021-09-15
1959,Maria,Oliveira,Aveiro,PT,professional,2021-07-16
1960,Marta,Silva,Porto,PT,casual,2021-04-09
1961,Marta,Sousa,Porto,PT,professional,2022-12-19
1962,Catarina,Jesus,Barcelona,ES,student,2022-09-15
1963,Pedro,Sánchez,Setúbal,PT,student,2022-02-10
1964,Catarina,Costa,Alicante,ES,professional,2022-01-31
1965,Sara,Silva,Funchal,PT,professional,2021-03-17
1966,Luísa,Fernández,Alicante,ES,casual,2021-11-09
1967,Ricardo,Martins,Valencia,ES,professional,2022-11-27
1968,Carmen,González,Coimbra,PT,casual,2022-09-30
1969,Rosa,Costa,Évora,PT,professional,2022-03-22
1970,Carmen,Pereira,Málaga,ES,casual,2021-01-29
1971,Marta,González,Porto,PT,student,2021-12-01
1972,Tiago,González,Bilbao,ES,business,2022-09-26
1973,Pedro,González,Madrid,ES,professional,2022-08-29
1974,Diogo,Costa,Madrid,ES,professional,2022-10-16
1975,Luísa,Oliveira,Leiria,PT,professional,2021-10-09
1976,Beatriz,López,Coimbra,PT,business,2021-08-14
1977,Carlos,Jesus,Évora,PT,professional,2022-09-03
1978,Sofia,Oliveira,Valencia,ES,casual,2021-06-14
1979,Fernando,Silva,Leiria,PT,business,2021-02-21
1980,Pablo,Pereira,Faro,PT,professional,2021-09-08
1981,Ricardo,López,Évora,PT,casual,2021-06-24
1982,Rafael,Pereira,Funchal,PT,student,2022-07-04
1983,João,Martínez,Coimbra,PT,professional,2021-07-23
1984,Beatriz,Costa,Lisboa,PT,professional,2022-10-13
1985,João,López,Coimbra,PT,professional,2022-08-15
1986,Carmen,Santos,Braga,PT,student,2022-07-09
1987,Marta,Costa,Porto,PT,business,2021-06-18
1988,Maria,Fernández,Valencia,ES,professional,2021-08-19
1989,Sara,Costa,Madrid,ES,casual,2022-06-17
1990,Sofia,Martínez,Évora,PT,professional,2022-04-17
1991,Marco,López,Alicante,ES,student,2021-07-27
1992,Marta,Santos,Lisboa,PT,professional,2021-06-19
1993,Ricardo,Silva,Setúbal,PT,professional,2021-11-03
1994,Ricardo,Ferreira,Coimbra,PT,professional,2022-10-08
1995,Ana,Martins,Funchal,PT,student,2022-06-19
1996,Pablo,Sousa,Leiria,PT,professional,2021-12-07
1997,Beatriz,Martínez,Aveiro,PT,student,2022-11-23
1998,Marta,García,Barcelona,ES,professional,2021-02-25
1999,Luísa,García,Faro,PT,student,2022-11-03
2000,Pedro,Santos,Lisboa,PT,professional,2022-06-07
